id,nr_employees,nr_closed_cubicles,nr_meeting_room_total_occupancy,industry,city,sqm_social_zones,sqm_net_area
2,50,12,10,tech,Trondheim,123,1008
3,87,40,23,finance,Oslo,140,1290
4,26,13,6,finance,Bergen,68,667.8
5,35,20,9,finance,Trondheim,130,1021.44
6,0,0,0,finance,Oslo,0,0
7,95,100000,100000,finance,Oslo,100000,1337
8,9,0,4,tech,Trondheim,50,50
9,250,100,80,tech,Oslo,500,2500
10,58,15,13,tech,Oslo,109,928.8
11,49,14,14,tech,Oslo,103,924
12,32,9,8,tech,Oslo,59,411.6
13,59,13,16,tech,Oslo,92,704
14,73,20,15,tech,Oslo,124,1036.8
15,54,16,16,tech,Oslo,70,696.6
16,85,24,22,tech,Oslo,201,1506.5
17,83,18,24,tech,Oslo,172,1350
18,77,18,23,tech,Oslo,119,1191.8
19,76,21,18,tech,Oslo,103,966
20,53,15,11,tech,Oslo,97,726.8
21,47,12,14,tech,Oslo,78,781.1
22,80,23,18,tech,Oslo,139,1089
23,68,16,20,tech,Oslo,160,1092
24,38,10,11,tech,Oslo,72,560.5
25,65,13,13,tech,Oslo,93,782.6
26,103,26,31,tech,Oslo,246,1696
27,32,7,7,tech,Oslo,77,547.4
28,93,27,19,tech,Oslo,212,1501.2
29,56,13,13,tech,Oslo,113,770.8
30,36,10,11,tech,Oslo,85,598.5
31,66,14,14,tech,Oslo,126,1062.2
32,90,21,21,tech,Oslo,157,1333.2
33,89,23,24,tech,Oslo,226,1632
34,63,19,18,tech,Oslo,110,820
35,96,22,29,tech,Oslo,186,1352.4
36,32,7,7,tech,Oslo,55,381.8
37,104,27,28,tech,Oslo,205,1574.1
38,38,9,10,tech,Oslo,76,541.5
39,111,27,27,tech,Oslo,219,1551
40,56,15,12,tech,Oslo,94,705.5
41,77,21,19,tech,Oslo,139,1134.9
42,62,16,14,tech,Oslo,135,1048.8
43,110,32,26,tech,Oslo,209,1495.2
44,31,9,8,tech,Oslo,63,446.4
45,105,32,30,tech,Oslo,259,1937.2
46,38,10,9,tech,Oslo,76,530.1
47,103,26,27,tech,Oslo,144,1435.2
48,74,20,21,tech,Oslo,164,1299.5
49,83,24,22,tech,Oslo,141,1070.7
50,74,15,21,tech,Oslo,118,1023
51,85,17,18,tech,Oslo,182,1224
52,80,20,24,tech,Oslo,122,1041.6
53,35,11,10,tech,Oslo,96,644
54,78,20,17,tech,Oslo,133,1207.5
55,96,29,25,tech,Oslo,167,1350
56,98,28,28,tech,Oslo,249,1848
57,38,11,11,tech,Oslo,80,702
58,81,18,23,tech,Oslo,120,1195.6
59,39,10,9,tech,Oslo,66,580
60,99,25,29,tech,Oslo,145,1453.5
61,100,29,27,tech,Oslo,190,1653.6
62,66,17,17,tech,Oslo,93,830
63,117,27,27,tech,Oslo,181,1368
64,50,14,13,tech,Oslo,111,839.3
65,69,16,19,tech,Oslo,88,852.8
66,31,9,9,tech,Oslo,60,588
67,89,18,25,tech,Oslo,175,1293.6
68,83,23,18,tech,Oslo,182,1388.8
69,88,18,26,tech,Oslo,148,1108.8
70,84,18,17,tech,Oslo,157,1118.6
71,104,27,31,tech,Oslo,235,1603.8
72,99,30,27,tech,Oslo,245,1716
73,85,19,20,tech,Oslo,185,1438.4
74,103,30,23,tech,Oslo,223,1653.6
75,94,28,23,tech,Oslo,177,1334
76,58,12,17,tech,Oslo,108,826.5
77,87,26,21,tech,Oslo,181,1246.2
78,115,26,29,tech,Oslo,184,1615
79,45,10,12,tech,Oslo,100,723.6
80,68,20,16,tech,Oslo,149,1237.6
81,52,11,15,tech,Oslo,88,663
82,41,11,10,tech,Oslo,82,551.8
83,84,19,21,tech,Oslo,186,1351.6
84,115,23,30,tech,Oslo,220,1663.2
85,70,20,18,tech,Oslo,177,1209.6
86,116,32,30,tech,Oslo,207,1922.4
87,49,11,13,tech,Oslo,107,803
88,116,24,28,tech,Oslo,278,1982.4
89,57,15,14,tech,Oslo,111,748.2
90,81,19,22,tech,Oslo,207,1427.4
91,89,20,18,tech,Oslo,152,1485.9
92,67,18,19,tech,Oslo,147,1040
93,117,34,26,tech,Oslo,215,1716.9
94,103,22,25,tech,Oslo,175,1440
95,47,12,12,tech,Oslo,81,688.7
96,114,31,33,tech,Oslo,211,1708.8
97,73,15,16,tech,Oslo,121,873.6
98,34,10,8,tech,Oslo,50,431.6
99,100,27,26,tech,Oslo,186,1239.3
100,47,12,12,tech,Oslo,81,724.2
101,86,20,17,tech,Oslo,136,1156.2
102,45,13,10,tech,Oslo,69,673.2
103,73,17,20,tech,Oslo,158,1078
104,78,23,18,tech,Oslo,139,1320.9
105,36,10,8,tech,Oslo,64,464.4
106,76,21,19,tech,Oslo,183,1287.6
107,103,26,29,tech,Oslo,160,1485.2
108,78,17,20,tech,Oslo,138,943
109,106,29,32,tech,Oslo,211,1469.6
110,93,23,27,tech,Oslo,149,1487.2
111,37,9,9,tech,Oslo,52,456.5
112,41,10,11,tech,Oslo,74,508.4
113,107,29,24,tech,Oslo,234,1856
114,33,8,9,tech,Oslo,56,520
115,51,11,14,tech,Oslo,84,798
116,69,16,17,tech,Oslo,96,836.4
117,110,28,27,tech,Oslo,200,1782
118,70,20,15,tech,Oslo,143,1113
119,93,26,21,tech,Oslo,165,1190
120,40,10,12,tech,Oslo,86,725.4
121,31,8,8,tech,Oslo,65,474.7
122,39,12,10,tech,Oslo,64,506.3
123,119,34,27,tech,Oslo,211,1818
124,67,16,18,tech,Oslo,144,1060.5
125,92,23,24,tech,Oslo,199,1348.3
126,75,19,15,tech,Oslo,124,1199
127,104,27,26,tech,Oslo,254,1695.6
128,108,24,23,tech,Oslo,203,1488
129,65,18,16,tech,Oslo,140,1128.6
130,35,10,10,tech,Oslo,61,555.5
131,66,14,18,tech,Oslo,145,1048.6
132,51,15,12,tech,Oslo,107,904.8
133,84,24,19,tech,Oslo,151,1041.4
134,79,20,18,tech,Oslo,171,1380.6
135,65,17,17,tech,Oslo,131,930.6
136,73,20,20,tech,Oslo,182,1310.8
137,72,20,15,tech,Oslo,123,1230.5
138,117,35,30,tech,Oslo,303,2111.2
139,94,28,28,tech,Oslo,177,1320
140,61,14,15,tech,Oslo,90,774
141,39,10,8,tech,Oslo,85,655.5
142,50,14,15,tech,Oslo,99,853.2
143,49,12,11,tech,Oslo,80,669.6
144,104,23,24,tech,Oslo,156,1359
145,117,34,25,tech,Oslo,212,1584
146,77,18,19,tech,Oslo,132,980.4
147,77,21,18,tech,Oslo,141,1160
148,100,20,27,tech,Oslo,225,1499.4
149,117,27,33,tech,Oslo,234,1911.6
150,70,20,21,tech,Oslo,140,943.5
151,120,27,27,tech,Oslo,193,1531.2
152,33,8,7,tech,Oslo,57,417.6
153,102,25,27,tech,Oslo,231,1724.8
154,85,17,25,tech,Oslo,168,1346.2
155,37,10,10,tech,Oslo,80,547.2
156,81,18,22,tech,Oslo,150,1367.3
157,46,13,10,tech,Oslo,68,572.7
158,32,7,7,tech,Oslo,56,542.8
159,85,20,25,tech,Oslo,196,1482
160,80,18,20,tech,Oslo,131,955.8
161,118,28,24,tech,Oslo,278,1887
162,92,18,21,tech,Oslo,197,1349.3
163,79,23,19,tech,Oslo,159,1234.2
164,48,11,10,tech,Oslo,77,710.7
165,30,7,6,tech,Oslo,39,374.1
166,58,17,16,tech,Oslo,93,900.9
167,59,17,12,tech,Oslo,111,1029.6
168,48,14,14,tech,Oslo,91,630.8
169,77,18,21,tech,Oslo,111,928
170,39,8,8,tech,Oslo,71,495
171,52,11,12,tech,Oslo,101,682.5
172,60,14,17,tech,Oslo,124,1001
173,92,19,23,tech,Oslo,167,1366.8
174,92,20,20,tech,Oslo,158,1267.2
175,97,22,23,tech,Oslo,155,1136
176,115,28,28,tech,Oslo,258,1761.3
177,83,20,25,tech,Oslo,166,1446.4
178,38,9,9,tech,Oslo,77,644
179,111,29,30,tech,Oslo,193,1530
180,32,9,9,tech,Oslo,50,465
181,93,20,23,tech,Oslo,148,1169.6
182,39,10,11,tech,Oslo,97,666
183,90,21,21,tech,Oslo,144,1148.4
184,67,17,19,tech,Oslo,131,927
185,58,17,15,tech,Oslo,124,1080
186,119,26,33,tech,Oslo,161,1566.4
187,40,8,8,tech,Oslo,68,621.6
188,47,14,11,tech,Oslo,96,727.2
189,101,20,21,tech,Oslo,213,1704
190,33,9,8,tech,Oslo,71,490
191,77,19,21,tech,Oslo,180,1251.9
192,57,14,14,tech,Oslo,111,748
193,35,8,8,tech,Oslo,82,596.7
194,97,22,19,tech,Oslo,120,1173
195,91,20,27,tech,Oslo,195,1421.4
196,113,30,33,tech,Oslo,274,1953.6
197,107,23,22,tech,Oslo,238,1793.6
198,73,15,19,tech,Oslo,147,1102.1
199,93,21,23,tech,Oslo,224,1493.3
200,43,12,9,tech,Oslo,103,761.6
201,53,15,13,tech,Oslo,85,785.7
202,46,10,10,tech,Oslo,104,712.8
203,83,19,22,tech,Oslo,182,1277.2
204,115,34,30,tech,Oslo,235,1915.3
205,94,24,22,tech,Oslo,187,1358
206,115,25,32,tech,Oslo,302,2046.8
207,119,31,25,tech,Oslo,169,1575
208,31,9,9,tech,Oslo,54,514.5
209,90,24,19,tech,Oslo,180,1210.3
210,52,14,14,tech,Oslo,91,664
211,88,24,24,tech,Oslo,182,1346.4
212,66,17,13,tech,Oslo,105,883.2
213,42,9,11,tech,Oslo,87,620
214,71,20,15,tech,Oslo,128,858.6
215,42,10,9,tech,Oslo,82,591.7
216,77,15,21,tech,Oslo,105,926.6
217,34,9,8,tech,Oslo,60,494.7
218,46,13,10,tech,Oslo,105,772.8
219,38,8,8,tech,Oslo,76,594
220,95,27,20,tech,Oslo,174,1547.8
221,104,22,22,tech,Oslo,132,1317.2
222,50,10,14,tech,Oslo,91,747.4
223,35,9,7,tech,Oslo,60,469.2
224,95,27,20,tech,Oslo,226,1562
225,86,17,23,tech,Oslo,183,1436.4
226,89,26,20,tech,Oslo,206,1417.5
227,99,22,26,tech,Oslo,126,1176
228,32,10,8,tech,Oslo,60,535
229,114,30,23,tech,Oslo,158,1436.2
230,52,11,14,tech,Oslo,106,908.6
231,53,13,11,tech,Oslo,89,823.9
232,117,25,27,tech,Oslo,224,1706.9
233,67,14,20,tech,Oslo,112,999.9
234,35,9,7,tech,Oslo,61,535.5
235,85,24,19,tech,Oslo,175,1523.2
236,103,25,27,tech,Oslo,184,1534.5
237,95,23,28,tech,Oslo,173,1606
238,40,12,10,tech,Oslo,96,719.2
239,78,20,17,tech,Oslo,121,1000.5
240,116,28,24,tech,Oslo,255,1730.4
241,97,23,29,tech,Oslo,201,1788
242,71,16,20,tech,Oslo,114,866.7
243,75,21,15,tech,Oslo,111,1098.9
244,66,14,19,tech,Oslo,110,821.7
245,48,14,12,tech,Oslo,83,599.4
246,110,28,28,tech,Oslo,166,1527.2
247,120,25,35,tech,Oslo,254,1764
248,58,13,12,tech,Oslo,98,688.9
249,66,16,16,tech,Oslo,91,803.6
250,32,8,7,tech,Oslo,66,484.1
251,112,29,29,tech,Oslo,205,1479
252,86,19,23,tech,Oslo,153,1318.4
253,98,26,25,tech,Oslo,196,1326.1
254,86,22,26,tech,Oslo,148,1313.2
255,112,22,26,tech,Oslo,148,1344
256,79,20,16,tech,Oslo,143,1380
257,32,9,6,tech,Oslo,61,493.5
258,34,7,8,tech,Oslo,82,588
259,82,22,23,tech,Oslo,156,1066.8
260,94,22,20,tech,Oslo,148,1196.8
261,58,17,14,tech,Oslo,108,996.8
262,36,9,11,tech,Oslo,58,498.4
263,33,10,8,tech,Oslo,74,520.2
264,44,11,13,tech,Oslo,80,544
265,34,7,7,tech,Oslo,58,403.2
266,84,22,22,tech,Oslo,160,1267.2
267,72,17,20,tech,Oslo,159,1275.3
268,57,12,14,tech,Oslo,100,821.7
269,75,21,19,tech,Oslo,140,989
270,75,20,19,tech,Oslo,139,923.4
271,66,15,15,tech,Oslo,120,835.2
272,63,18,13,tech,Oslo,134,911.8
273,115,33,26,tech,Oslo,284,1896.6
274,74,18,21,tech,Oslo,144,1107.4
275,84,17,25,tech,Oslo,192,1386
276,41,12,11,tech,Oslo,67,614.4
277,104,21,24,tech,Oslo,163,1370.8
278,99,26,22,tech,Oslo,162,1337.7
279,76,21,22,tech,Oslo,156,1106.7
280,83,18,22,tech,Oslo,152,1045.5
281,105,29,25,tech,Oslo,186,1351.5
282,61,14,16,tech,Oslo,113,1055.6
283,72,19,17,tech,Oslo,193,1296
284,84,17,18,tech,Oslo,190,1368.5
285,92,19,24,tech,Oslo,153,1512
286,36,10,9,tech,Oslo,75,544.5
287,101,30,20,tech,Oslo,193,1661
288,98,29,20,tech,Oslo,222,1587.6
289,91,18,24,tech,Oslo,187,1303.4
290,92,27,22,tech,Oslo,120,1156.2
291,43,10,12,tech,Oslo,74,572
292,88,21,25,tech,Oslo,142,1072
293,39,10,8,tech,Oslo,76,632.7
294,119,31,31,tech,Oslo,175,1502.3
295,78,16,19,tech,Oslo,158,1356
296,30,8,8,tech,Oslo,40,386.4
297,71,14,16,tech,Oslo,121,838.3
298,64,13,15,tech,Oslo,94,855.6
299,72,17,18,tech,Oslo,101,898.8
300,57,14,14,tech,Oslo,92,697
301,38,8,9,tech,Oslo,62,522.5
302,89,22,22,tech,Oslo,195,1529.5
303,78,20,16,tech,Oslo,166,1265.4
304,63,16,17,tech,Oslo,101,950.4
305,41,12,8,tech,Oslo,82,664.9
306,110,24,32,tech,Oslo,190,1743
307,87,23,20,tech,Oslo,141,1313
308,110,28,32,tech,Oslo,204,1836
309,51,11,14,tech,Oslo,91,752.4
310,65,17,15,tech,Oslo,108,970
311,74,16,19,tech,Oslo,121,904.7
312,81,19,20,tech,Oslo,164,1368
313,73,19,17,tech,Oslo,94,872
314,52,11,12,tech,Oslo,75,750
315,50,11,14,tech,Oslo,98,750
316,117,30,33,tech,Oslo,219,1548
317,115,23,26,tech,Oslo,200,1525.2
318,113,27,29,tech,Oslo,225,1622.4
319,84,25,20,tech,Oslo,143,1315.8
320,104,27,29,tech,Oslo,165,1360
321,103,27,26,tech,Oslo,142,1404
322,84,25,19,tech,Oslo,148,1036.8
323,88,18,19,tech,Oslo,192,1462.5
324,52,15,13,tech,Oslo,122,896
325,65,16,19,tech,Oslo,98,860
326,38,10,9,tech,Oslo,67,490.2
327,40,10,9,tech,Oslo,63,619.5
328,84,20,18,tech,Oslo,124,1110.2
329,55,14,15,tech,Oslo,101,806.4
330,92,23,20,tech,Oslo,193,1458
331,42,10,10,tech,Oslo,90,657.2
332,49,15,10,tech,Oslo,88,651.2
333,40,8,10,tech,Oslo,59,504.6
334,98,28,24,tech,Oslo,212,1770
335,86,22,21,tech,Oslo,184,1277.1
336,73,15,20,tech,Oslo,108,896.4
337,67,19,13,tech,Oslo,121,811.8
338,99,20,24,tech,Oslo,166,1358.5
339,47,11,13,tech,Oslo,93,766.8
340,35,9,9,tech,Oslo,76,630.7
341,91,22,19,tech,Oslo,120,1069.2
342,44,11,11,tech,Oslo,82,587.4
343,57,12,12,tech,Oslo,83,826.2
344,83,19,19,tech,Oslo,142,968
345,107,24,27,tech,Oslo,145,1453.6
346,97,29,24,tech,Oslo,159,1200
347,108,29,28,tech,Oslo,196,1402.5
348,57,14,13,tech,Oslo,104,982.8
349,32,9,9,tech,Oslo,62,485
350,38,9,10,tech,Oslo,58,461.7
351,100,24,23,tech,Oslo,174,1220.1
352,58,13,15,tech,Oslo,111,842.8
353,78,23,19,tech,Oslo,167,1248
354,73,18,20,tech,Oslo,123,1032.3
355,56,17,13,tech,Oslo,134,937.4
356,41,10,12,tech,Oslo,77,680.4
357,74,16,16,tech,Oslo,106,996.4
358,70,20,16,tech,Oslo,135,1176.6
359,98,24,20,tech,Oslo,203,1434.2
360,55,14,12,tech,Oslo,123,842.4
361,113,28,23,tech,Oslo,153,1377.6
362,94,20,28,tech,Oslo,228,1562
363,80,18,20,tech,Oslo,132,1097.4
364,55,16,11,tech,Oslo,90,803.6
365,54,15,16,tech,Oslo,111,807.5
366,52,15,13,tech,Oslo,115,888
367,120,30,27,tech,Oslo,188,1522.2
368,101,26,27,tech,Oslo,219,1540
369,103,22,21,tech,Oslo,153,1226.4
370,104,25,25,tech,Oslo,250,1694
371,74,16,16,tech,Oslo,186,1250.8
372,46,12,10,tech,Oslo,58,550.8
373,45,13,12,tech,Oslo,106,770
374,33,9,8,tech,Oslo,53,495
375,52,12,12,tech,Oslo,75,729.6
376,45,12,12,tech,Oslo,108,738.3
377,111,33,31,tech,Oslo,165,1557.5
378,78,17,18,tech,Oslo,154,1243
379,54,11,16,tech,Oslo,115,777.6
380,66,19,16,tech,Oslo,171,1171.6
381,104,25,21,tech,Oslo,199,1545
382,52,15,10,tech,Oslo,89,708.4
383,112,22,22,tech,Oslo,137,1263.6
384,96,25,22,tech,Oslo,142,1244.1
385,52,13,11,tech,Oslo,132,881.6
386,60,14,12,tech,Oslo,114,920.2
387,98,21,23,tech,Oslo,168,1448.4
388,104,31,29,tech,Oslo,193,1459.6
389,66,19,14,tech,Oslo,151,1118.7
390,34,8,10,tech,Oslo,58,535.6
391,113,25,25,tech,Oslo,221,1825.6
392,55,13,16,tech,Oslo,87,856.8
393,44,10,10,tech,Oslo,68,582.4
394,118,29,28,tech,Oslo,211,1872.5
395,118,32,25,tech,Oslo,167,1522.5
396,41,11,12,tech,Oslo,71,710.4
397,44,11,11,tech,Oslo,64,613.8
398,89,18,20,tech,Oslo,203,1422.4
399,119,27,33,tech,Oslo,241,1664.7
400,69,15,16,tech,Oslo,130,940
401,45,13,11,tech,Oslo,67,669.3
402,83,22,21,tech,Oslo,170,1234.8
403,52,14,14,tech,Oslo,96,656
404,57,15,14,tech,Oslo,99,963.2
405,91,24,21,tech,Oslo,197,1591.2
406,43,10,9,tech,Oslo,91,613.8
407,32,9,9,tech,Oslo,64,490
408,50,11,13,tech,Oslo,103,821.4
409,48,11,11,tech,Oslo,93,623
410,45,10,13,tech,Oslo,103,707.2
411,98,22,21,tech,Oslo,139,1184.4
412,66,15,19,tech,Oslo,153,1200
413,112,22,29,tech,Oslo,185,1385.5
414,60,14,16,tech,Oslo,80,783
415,86,26,19,tech,Oslo,160,1205.2
416,79,18,18,tech,Oslo,106,1046.5
417,40,9,9,tech,Oslo,85,649.6
418,64,16,16,tech,Oslo,106,892.8
419,82,22,25,tech,Oslo,141,1044.9
420,101,25,22,tech,Oslo,130,1272.8
421,84,20,17,tech,Oslo,205,1367.3
422,46,13,12,tech,Oslo,99,695.8
423,101,28,23,tech,Oslo,188,1580.8
424,81,22,21,tech,Oslo,112,1078.8
425,35,7,9,tech,Oslo,65,448.8
426,37,8,11,tech,Oslo,61,492.8
427,86,19,22,tech,Oslo,177,1181.1
428,76,23,20,tech,Oslo,132,987.7
429,59,14,14,tech,Oslo,110,913.5
430,98,26,27,tech,Oslo,186,1585.5
431,58,14,17,tech,Oslo,75,729.8
432,56,13,11,tech,Oslo,121,928
433,71,15,18,tech,Oslo,145,1133.6
434,120,29,35,tech,Oslo,212,1472
435,104,22,24,tech,Oslo,235,1635
436,81,19,20,tech,Oslo,173,1416
437,65,17,17,tech,Oslo,121,1098.9
438,100,24,26,tech,Oslo,129,1260
439,87,22,21,tech,Oslo,145,1118
440,80,23,21,tech,Oslo,155,1438.4
441,83,19,21,tech,Oslo,168,1426.8
442,56,12,17,tech,Oslo,96,807.5
443,75,21,15,tech,Oslo,157,1221
444,48,11,12,tech,Oslo,64,568
445,62,16,16,tech,Oslo,107,1052.8
446,55,11,13,tech,Oslo,105,758.4
447,94,25,20,tech,Oslo,171,1292.7
448,74,19,20,tech,Oslo,136,926.6
449,118,27,31,tech,Oslo,250,2059.2
450,45,12,10,tech,Oslo,95,750.4
451,32,8,9,tech,Oslo,58,494.9
452,84,17,21,tech,Oslo,165,1378.6
453,117,32,35,tech,Oslo,219,1821.6
454,114,33,27,tech,Oslo,261,1948.8
455,88,26,20,tech,Oslo,164,1139
456,30,8,8,tech,Oslo,63,483
457,38,10,9,tech,Oslo,70,672.6
458,89,21,25,tech,Oslo,207,1404
459,105,28,21,tech,Oslo,137,1278.2
460,66,19,15,tech,Oslo,137,1110
461,80,16,20,tech,Oslo,175,1310.8
462,111,32,32,tech,Oslo,215,1872.5
463,112,25,27,tech,Oslo,278,1869.6
464,110,23,23,tech,Oslo,191,1778.4
465,41,12,11,tech,Oslo,80,569.6
466,38,11,8,tech,Oslo,91,632.7
467,84,19,20,tech,Oslo,157,1082.4
468,37,10,9,tech,Oslo,65,638.4
469,67,19,14,tech,Oslo,113,890
470,76,23,15,tech,Oslo,161,1311
471,62,15,14,tech,Oslo,119,891.8
472,90,22,24,tech,Oslo,186,1251.2
473,100,29,24,tech,Oslo,189,1774.8
474,56,12,13,tech,Oslo,80,761.4
475,58,17,16,tech,Oslo,96,791.7
476,42,12,10,tech,Oslo,55,518.4
477,81,20,17,tech,Oslo,195,1357
478,30,6,8,tech,Oslo,55,470.8
479,74,21,18,tech,Oslo,171,1209.1
480,48,10,12,tech,Oslo,83,742
481,60,18,13,tech,Oslo,135,1010.1
482,33,7,7,tech,Oslo,47,460.6
483,36,8,9,tech,Oslo,88,588.3
484,67,17,20,tech,Oslo,161,1092
485,31,9,9,tech,Oslo,45,441
486,118,30,32,tech,Oslo,265,2142
487,87,25,24,tech,Oslo,136,1224
488,94,23,27,tech,Oslo,225,1540.8
489,77,21,21,tech,Oslo,124,952
490,78,18,17,tech,Oslo,146,1220.4
491,60,15,18,tech,Oslo,108,790.5
492,48,12,14,tech,Oslo,100,717.8
493,67,17,17,tech,Oslo,135,1100.9
494,87,22,21,tech,Oslo,149,1469
495,110,23,33,tech,Oslo,197,1875.8
496,87,18,18,tech,Oslo,134,1156.2
497,107,27,30,tech,Oslo,216,1443.2
498,40,12,10,tech,Oslo,83,607.6
499,97,20,21,tech,Oslo,195,1421.4
500,20,5,5,tech,Bergen,59,449.4
501,55,12,11,tech,Bergen,185,1255.8
502,63,14,13,tech,Bergen,203,1474.2
503,27,7,8,tech,Bergen,67,640.92
504,62,16,15,tech,Bergen,163,1197.84
505,49,10,14,tech,Bergen,132,1062.88
506,25,6,7,tech,Bergen,71,601.16
507,52,11,10,tech,Bergen,149,1073.1
508,73,15,16,tech,Bergen,200,1616.16
509,47,11,10,tech,Bergen,121,856.8
510,60,17,14,tech,Bergen,148,1070.16
511,45,12,11,tech,Bergen,167,1113.84
512,79,22,23,tech,Bergen,245,1753.36
513,66,17,18,tech,Bergen,200,1597.82
514,60,17,12,tech,Bergen,138,1358.14
515,63,13,13,tech,Bergen,178,1283.38
516,63,17,18,tech,Bergen,179,1536.64
517,45,12,11,tech,Bergen,98,885.36
518,64,13,14,tech,Bergen,190,1516.06
519,57,16,16,tech,Bergen,112,996.8
520,61,14,17,tech,Bergen,147,1416.8
521,23,7,6,tech,Bergen,57,488.88
522,35,7,8,tech,Bergen,83,658
523,77,18,16,tech,Bergen,159,1383.06
524,43,12,10,tech,Bergen,104,737.1
525,22,6,5,tech,Bergen,72,508.2
526,55,14,16,tech,Bergen,176,1201.9
527,66,16,19,tech,Bergen,151,1272.6
528,34,9,9,tech,Bergen,88,662.48
529,49,11,15,tech,Bergen,163,1165.5
530,63,18,18,tech,Bergen,221,1524.6
531,77,20,17,tech,Bergen,158,1340.64
532,76,16,16,tech,Bergen,218,1648.08
533,54,14,14,tech,Bergen,131,929.88
534,25,6,7,tech,Bergen,66,510.72
535,22,5,5,tech,Bergen,55,371.84
536,65,14,17,tech,Bergen,211,1478.4
537,58,15,12,tech,Bergen,122,1178.1
538,36,11,9,tech,Bergen,96,697.76
539,40,9,8,tech,Bergen,101,917.7
540,54,11,13,tech,Bergen,107,993.72
541,73,21,22,tech,Bergen,174,1477.84
542,28,7,6,tech,Bergen,82,648.62
543,80,18,16,tech,Bergen,255,1771.56
544,72,20,17,tech,Bergen,168,1526
545,46,10,13,tech,Bergen,100,801.78
546,23,6,6,tech,Bergen,55,455.7
547,49,12,12,tech,Bergen,127,1154.86
548,39,11,11,tech,Bergen,88,836.92
549,62,14,17,tech,Bergen,162,1354.08
550,51,12,14,tech,Bergen,132,1078
551,43,10,10,tech,Bergen,94,890.82
552,63,15,14,tech,Bergen,113,1030.4
553,63,14,16,tech,Bergen,187,1497.3
554,65,17,18,tech,Bergen,191,1680
555,34,10,9,tech,Bergen,82,601.02
556,29,8,8,tech,Bergen,58,560.7
557,30,8,6,tech,Bergen,75,634.48
558,53,12,12,tech,Bergen,98,894.74
559,22,5,5,tech,Bergen,45,421.12
560,44,9,13,tech,Bergen,121,960.96
561,33,7,9,tech,Bergen,111,816.34
562,50,11,10,tech,Bergen,127,934.36
563,64,17,15,tech,Bergen,209,1559.04
564,43,12,12,tech,Bergen,90,816.06
565,34,8,9,tech,Bergen,71,685.44
566,66,19,15,tech,Bergen,135,1134
567,33,9,8,tech,Bergen,71,574
568,38,9,9,tech,Bergen,128,870.24
569,74,17,16,tech,Bergen,183,1243.34
570,40,9,11,tech,Bergen,89,848.4
571,24,7,6,tech,Bergen,58,538.72
572,37,11,7,tech,Bergen,110,900.9
573,39,9,8,tech,Bergen,88,666.4
574,64,19,17,tech,Bergen,181,1624
575,71,17,14,tech,Bergen,171,1342.32
576,77,21,23,tech,Bergen,245,1795.64
577,77,16,17,tech,Bergen,229,1663.2
578,59,18,18,tech,Bergen,226,1582.7
579,30,7,7,tech,Bergen,87,677.6
580,50,11,14,tech,Bergen,121,1176
581,33,10,7,tech,Bergen,80,763
582,33,9,8,tech,Bergen,86,574
583,28,7,8,tech,Bergen,64,547.82
584,48,12,14,tech,Bergen,168,1201.76
585,20,4,5,tech,Bergen,51,369.46
586,37,10,9,tech,Bergen,112,791.84
587,71,15,15,tech,Bergen,150,1145.34
588,57,15,15,tech,Bergen,173,1425.06
589,50,12,12,tech,Bergen,176,1232.84
590,74,20,15,tech,Bergen,156,1297.1
591,70,21,15,tech,Bergen,157,1246.56
592,68,15,20,tech,Bergen,145,1211.28
593,25,7,7,tech,Bergen,88,655.2
594,70,18,15,tech,Bergen,120,1168.02
595,66,14,13,tech,Bergen,176,1419.18
596,69,20,17,tech,Bergen,202,1736.28
597,37,9,8,tech,Bergen,115,801.36
598,39,10,9,tech,Bergen,78,657.72
599,71,15,18,tech,Bergen,177,1252.16
600,24,5,6,tech,Bergen,59,573.3
601,45,11,11,tech,Bergen,80,787.92
602,44,12,12,tech,Bergen,94,894.88
603,27,6,6,tech,Bergen,53,485.94
604,62,14,15,tech,Bergen,133,1299.48
605,66,17,19,tech,Bergen,164,1299.48
606,34,8,8,tech,Bergen,87,693
607,27,6,7,tech,Bergen,85,632.8
608,80,21,19,tech,Bergen,275,1881.6
609,46,12,10,tech,Bergen,155,1085.28
610,61,16,13,tech,Bergen,155,1474.2
611,79,21,19,tech,Bergen,208,1616.02
612,56,17,12,tech,Bergen,137,1261.4
613,47,10,12,tech,Bergen,111,917.7
614,22,6,5,tech,Bergen,54,462
615,26,7,5,tech,Bergen,52,516.04
616,75,17,17,tech,Bergen,202,1602.3
617,37,9,8,tech,Bergen,103,748.44
618,65,17,17,tech,Bergen,168,1344.42
619,56,14,16,tech,Bergen,172,1444.8
620,77,19,17,tech,Bergen,185,1265.6
621,26,7,5,tech,Bergen,52,425.6
622,26,7,5,tech,Bergen,65,516.04
623,78,22,23,tech,Bergen,184,1756.44
624,31,9,7,tech,Bergen,80,671.16
625,59,13,15,tech,Bergen,186,1388.52
626,66,15,18,tech,Bergen,130,1219.68
627,51,11,11,tech,Bergen,126,868.7
628,54,13,15,tech,Bergen,138,1228.36
629,23,6,5,tech,Bergen,52,452.2
630,39,10,9,tech,Bergen,101,673.96
631,46,10,10,tech,Bergen,106,757.68
632,78,23,23,tech,Bergen,175,1666.56
633,75,17,23,tech,Bergen,223,1787.1
634,75,20,22,tech,Bergen,200,1375.92
635,66,13,17,tech,Bergen,198,1491.84
636,74,19,17,tech,Bergen,143,1232
637,75,17,22,tech,Bergen,196,1452.36
638,26,6,6,tech,Bergen,48,468.16
639,25,5,7,tech,Bergen,58,466.2
640,31,9,6,tech,Bergen,54,534.52
641,72,21,15,tech,Bergen,225,1814.4
642,73,16,18,tech,Bergen,164,1363.18
643,59,12,12,tech,Bergen,132,1185.24
644,55,11,14,tech,Bergen,133,985.6
645,43,11,10,tech,Bergen,131,1057.28
646,54,14,11,tech,Bergen,128,1216.6
647,51,15,12,tech,Bergen,143,1092
648,76,15,18,tech,Bergen,158,1388.66
649,41,12,11,tech,Bergen,110,797.44
650,78,23,17,tech,Bergen,158,1437.24
651,36,8,8,tech,Bergen,85,713.44
652,80,20,19,tech,Bergen,230,1782.62
653,43,10,13,tech,Bergen,96,933.24
654,64,13,17,tech,Bergen,227,1552.88
655,29,7,8,tech,Bergen,78,560.56
656,77,22,21,tech,Bergen,265,1797.6
657,74,17,17,tech,Bergen,178,1224.72
658,45,13,12,tech,Bergen,129,980
659,33,9,9,tech,Bergen,108,842.52
660,38,9,10,tech,Bergen,84,758.1
661,58,16,12,tech,Bergen,171,1167.88
662,78,21,17,tech,Bergen,194,1786.4
663,46,11,11,tech,Bergen,119,1104.32
664,35,7,9,tech,Bergen,83,763.98
665,69,20,21,tech,Bergen,158,1524.6
666,69,20,14,tech,Bergen,238,1600.62
667,46,10,12,tech,Bergen,86,771.12
668,60,15,15,tech,Bergen,194,1411.2
669,53,14,16,tech,Bergen,153,1301.44
670,78,17,16,tech,Bergen,259,1802.64
671,24,7,6,tech,Bergen,67,564.62
672,33,8,8,tech,Bergen,90,782.04
673,54,14,16,tech,Bergen,158,1070.16
674,42,13,12,tech,Bergen,91,825.44
675,29,8,6,tech,Bergen,85,583.94
676,32,6,6,tech,Bergen,61,523.6
677,39,8,12,tech,Bergen,82,726.88
678,21,5,6,tech,Bergen,62,474.88
679,64,14,19,tech,Bergen,144,1235.78
680,30,7,7,tech,Bergen,80,708.4
681,46,11,14,tech,Bergen,134,984.06
682,52,15,15,tech,Bergen,190,1308.72
683,40,8,10,tech,Bergen,98,844.48
684,21,6,4,tech,Bergen,55,425.32
685,80,23,19,tech,Bergen,185,1759.24
686,45,12,11,tech,Bergen,86,761.6
687,54,14,12,tech,Bergen,128,974.4
688,62,17,16,tech,Bergen,154,1542.8
689,51,10,11,tech,Bergen,113,1118.88
690,46,11,13,tech,Bergen,107,1058.4
691,77,20,22,tech,Bergen,250,1832.6
692,56,14,12,tech,Bergen,158,1320.2
693,34,8,9,tech,Bergen,61,614.04
694,77,17,22,tech,Bergen,154,1299.2
695,23,5,6,tech,Bergen,76,509.32
696,36,9,8,tech,Bergen,87,645.54
697,73,20,21,tech,Bergen,212,1643.88
698,71,18,17,tech,Bergen,153,1276.24
699,29,8,6,tech,Bergen,57,499.66
700,69,16,21,tech,Bergen,243,1751.12
701,37,10,11,tech,Bergen,132,917.56
702,41,11,12,tech,Bergen,126,842.24
703,50,12,13,tech,Bergen,142,1092
704,60,15,15,tech,Bergen,179,1335.6
705,30,8,9,tech,Bergen,64,572.46
706,66,15,18,tech,Bergen,154,1386
707,40,11,9,tech,Bergen,105,739.2
708,23,7,5,tech,Bergen,77,519.4
709,70,17,16,tech,Bergen,216,1542.94
710,77,20,22,tech,Bergen,157,1532.72
711,68,16,14,tech,Bergen,133,1097.6
712,33,9,9,tech,Bergen,100,792.54
713,34,8,7,tech,Bergen,100,775.18
714,64,17,15,tech,Bergen,183,1559.04
715,24,6,6,tech,Bergen,46,458.64
716,71,15,15,tech,Bergen,218,1696.8
717,31,6,8,tech,Bergen,67,630
718,40,9,9,tech,Bergen,127,974.4
719,49,14,10,tech,Bergen,119,950.46
720,36,9,7,tech,Bergen,91,829.92
721,38,9,11,tech,Bergen,93,657.72
722,65,14,19,tech,Bergen,193,1646.4
723,24,5,5,tech,Bergen,82,556.92
724,65,16,17,tech,Bergen,156,1522.92
725,73,16,18,tech,Bergen,164,1423.1
726,64,17,15,tech,Bergen,141,1209.6
727,36,10,10,tech,Bergen,76,674.24
728,79,19,19,tech,Bergen,185,1572.48
729,73,17,20,tech,Bergen,222,1586.2
730,27,7,6,tech,Bergen,64,560
731,39,11,11,tech,Bergen,104,982.1
732,73,16,18,tech,Bergen,190,1408.12
733,44,10,11,tech,Bergen,120,846.3
734,64,14,16,tech,Bergen,158,1408.12
735,37,9,9,tech,Bergen,76,685.3
736,45,12,9,tech,Bergen,132,1007.16
737,56,14,15,tech,Bergen,118,1166.2
738,54,16,13,tech,Bergen,145,1080.66
739,79,21,21,tech,Bergen,210,1643.18
740,29,6,9,tech,Bergen,67,554.4
741,79,22,23,tech,Bergen,203,1805.44
742,70,15,18,tech,Bergen,177,1470.84
743,79,20,23,tech,Bergen,225,1878.8
744,79,23,19,tech,Bergen,228,1660.12
745,44,10,9,tech,Bergen,100,784.98
746,64,14,14,tech,Bergen,145,1262.24
747,77,21,23,tech,Bergen,183,1592.36
748,78,17,18,tech,Bergen,211,1756.02
749,39,11,12,tech,Bergen,82,703.08
750,51,13,12,tech,Trondheim,129,1276.8
751,33,9,9,tech,Trondheim,81,642.6
752,57,16,15,tech,Trondheim,148,1207.36
753,55,15,14,tech,Trondheim,158,1117.2
754,44,13,12,tech,Trondheim,133,927.36
755,56,11,13,tech,Trondheim,141,1142.4
756,55,13,13,tech,Trondheim,117,1168.02
757,18,5,5,tech,Trondheim,49,329.28
758,57,13,14,tech,Trondheim,127,999.6
759,23,6,6,tech,Trondheim,84,573.3
760,17,4,5,tech,Trondheim,39,316.68
761,46,14,10,tech,Trondheim,124,950.6
762,59,14,15,tech,Trondheim,120,1034.88
763,42,12,9,tech,Trondheim,93,802.62
764,15,4,4,tech,Trondheim,29,280.14
765,18,5,4,tech,Trondheim,49,434.7
766,47,10,13,tech,Trondheim,112,960.4
767,38,11,9,tech,Trondheim,106,901.32
768,45,13,11,tech,Trondheim,118,985.32
769,32,6,7,tech,Trondheim,64,585.9
770,56,15,13,tech,Trondheim,155,1140.72
771,21,5,5,tech,Trondheim,69,468.72
772,44,10,12,tech,Trondheim,103,850.08
773,52,12,12,tech,Trondheim,171,1202.32
774,27,6,8,tech,Trondheim,61,591.22
775,52,14,12,tech,Trondheim,117,917.28
776,25,6,6,tech,Trondheim,49,466.2
777,18,4,5,tech,Trondheim,32,313.74
778,16,3,5,tech,Trondheim,47,342.72
779,19,5,5,tech,Trondheim,38,365.4
780,23,6,6,tech,Trondheim,65,445.9
781,48,11,11,tech,Trondheim,129,1019.2
782,17,4,4,tech,Trondheim,45,402.5
783,22,7,5,tech,Trondheim,68,471.24
784,49,14,12,tech,Trondheim,125,924
785,43,9,10,tech,Trondheim,108,894.04
786,60,18,15,tech,Trondheim,144,1249.92
787,42,11,9,tech,Trondheim,102,720.44
788,31,8,8,tech,Trondheim,63,532.98
789,18,5,4,tech,Trondheim,60,434.7
790,58,16,17,tech,Trondheim,146,1070.16
791,40,8,11,tech,Trondheim,119,842.52
792,23,5,5,tech,Trondheim,56,420.42
793,37,8,11,tech,Trondheim,83,689.92
794,16,5,4,tech,Trondheim,48,339.5
795,20,5,6,tech,Trondheim,56,390.6
796,23,7,7,tech,Trondheim,54,523.18
797,50,13,11,tech,Trondheim,126,1118.88
798,35,11,7,tech,Trondheim,85,786.52
799,25,6,7,tech,Trondheim,60,462.84
800,53,15,15,tech,Trondheim,154,1254.96
801,29,7,8,tech,Trondheim,92,714.56
802,27,6,7,tech,Trondheim,56,509.6
803,41,10,9,tech,Trondheim,102,940.8
804,46,11,11,tech,Trondheim,87,818.72
805,20,5,4,tech,Trondheim,45,397.88
806,28,8,7,tech,Trondheim,78,710.36
807,25,6,6,tech,Trondheim,58,424.76
808,44,12,10,tech,Trondheim,131,1016.4
809,53,16,13,tech,Trondheim,136,1090.6
810,26,8,7,tech,Trondheim,77,648.62
811,31,9,8,tech,Trondheim,75,752.64
812,37,8,11,tech,Trondheim,71,697.76
813,45,13,13,tech,Trondheim,90,834.96
814,36,10,8,tech,Trondheim,96,771.12
815,41,10,12,tech,Trondheim,73,723.24
816,32,6,7,tech,Trondheim,96,642.6
817,55,15,16,tech,Trondheim,146,1312.36
818,50,14,14,tech,Trondheim,139,1277.64
819,27,6,7,tech,Trondheim,70,604.8
820,29,6,6,tech,Trondheim,80,671.58
821,22,6,5,tech,Trondheim,52,406.56
822,16,4,4,tech,Trondheim,50,396.48
823,42,9,12,tech,Trondheim,89,793.8
824,36,10,9,tech,Trondheim,85,646.8
825,28,7,7,tech,Trondheim,88,693.84
826,41,9,10,tech,Trondheim,109,739.2
827,18,5,4,tech,Trondheim,50,340.2
828,39,8,11,tech,Trondheim,89,763.28
829,54,13,12,tech,Trondheim,118,917.98
830,42,10,11,tech,Trondheim,99,811.44
831,44,13,10,tech,Trondheim,143,1031.8
832,60,17,15,tech,Trondheim,152,1519.84
833,22,7,5,tech,Trondheim,70,537.88
834,53,15,15,tech,Trondheim,177,1301.44
835,45,9,12,tech,Trondheim,127,1081.08
836,53,12,12,tech,Trondheim,129,1013.32
837,32,6,7,tech,Trondheim,57,522.9
838,51,15,11,tech,Trondheim,120,1196.58
839,16,3,5,tech,Trondheim,35,299.04
840,48,13,12,tech,Trondheim,95,817.6
841,54,11,13,tech,Trondheim,131,950.04
842,58,15,16,tech,Trondheim,146,1158.78
843,21,5,6,tech,Trondheim,59,394.24
844,54,16,12,tech,Trondheim,117,998.76
845,45,10,12,tech,Trondheim,150,1031.8
846,54,12,13,tech,Trondheim,165,1128.12
847,18,5,4,tech,Trondheim,62,430.92
848,55,14,15,tech,Trondheim,171,1258.32
849,35,8,8,tech,Trondheim,90,721.14
850,55,14,11,tech,Trondheim,133,1108.8
851,35,10,10,tech,Trondheim,86,739.2
852,38,11,8,tech,Trondheim,116,853.86
853,29,6,6,tech,Trondheim,75,510.86
854,26,8,5,tech,Trondheim,70,546
855,18,4,5,tech,Trondheim,53,396.9
856,27,7,6,tech,Trondheim,70,632.8
857,49,13,11,tech,Trondheim,135,1134.42
858,17,5,4,tech,Trondheim,45,309.4
859,27,7,7,tech,Trondheim,77,671.58
860,17,5,5,tech,Trondheim,62,423.36
861,46,12,11,tech,Trondheim,146,1033.62
862,19,4,4,tech,Trondheim,55,427.14
863,32,8,9,tech,Trondheim,98,692.86
864,29,8,6,tech,Trondheim,63,626.08
865,54,14,14,tech,Trondheim,148,1044.68
866,48,13,12,tech,Trondheim,169,1216.18
867,26,5,6,tech,Trondheim,60,424.76
868,32,9,10,tech,Trondheim,71,621.18
869,59,12,15,tech,Trondheim,156,1420.72
870,36,9,9,tech,Trondheim,83,695.52
871,39,11,10,tech,Trondheim,99,722.4
872,34,10,9,tech,Trondheim,90,697.48
873,24,7,7,tech,Trondheim,62,526.68
874,59,16,12,tech,Trondheim,139,1327.62
875,57,12,17,tech,Trondheim,133,1240.12
876,50,10,14,tech,Trondheim,127,994.56
877,19,4,5,tech,Trondheim,33,333.2
878,20,4,6,tech,Trondheim,67,457.8
879,46,11,10,tech,Trondheim,114,891.1
880,19,6,5,tech,Trondheim,46,415.8
881,23,7,7,tech,Trondheim,60,595.7
882,19,5,5,tech,Trondheim,47,430.36
883,48,13,14,tech,Trondheim,141,1249.5
884,35,8,10,tech,Trondheim,122,845.88
885,59,15,17,tech,Trondheim,158,1401.4
886,20,4,5,tech,Trondheim,68,487.2
887,42,10,10,tech,Trondheim,105,902.72
888,23,5,6,tech,Trondheim,74,499.8
889,17,4,4,tech,Trondheim,34,308
890,16,4,4,tech,Trondheim,46,322.56
891,25,5,7,tech,Trondheim,44,424.76
892,39,9,8,tech,Trondheim,102,784
893,40,9,8,tech,Trondheim,98,774.06
894,38,11,8,tech,Trondheim,93,718.2
895,27,7,7,tech,Trondheim,57,522.34
896,17,5,5,tech,Trondheim,38,332.64
897,50,10,11,tech,Trondheim,82,815.08
898,46,10,13,tech,Trondheim,92,811.44
899,20,6,5,tech,Trondheim,59,516.46
900,19,4,5,tech,Trondheim,55,376.32
901,46,13,11,tech,Trondheim,135,1038.8
902,51,10,13,tech,Trondheim,150,1025.64
903,38,10,11,tech,Trondheim,89,685.58
904,39,9,10,tech,Trondheim,85,706.44
905,42,9,11,tech,Trondheim,89,711.76
906,51,12,15,tech,Trondheim,169,1124.76
907,50,15,12,tech,Trondheim,101,970.2
908,42,9,13,tech,Trondheim,118,1030.4
909,55,11,12,tech,Trondheim,153,1223.04
910,19,5,5,tech,Trondheim,53,377.58
911,35,8,10,tech,Trondheim,82,786.52
912,54,16,15,tech,Trondheim,163,1320.9
913,18,5,4,tech,Trondheim,41,396.9
914,33,9,7,tech,Trondheim,79,754.6
915,44,11,12,tech,Trondheim,106,928.62
916,47,11,13,tech,Trondheim,123,864.78
917,25,7,6,tech,Trondheim,69,505.4
918,21,5,4,tech,Trondheim,53,357
919,22,5,5,tech,Trondheim,73,524.16
920,25,5,8,tech,Trondheim,56,473.48
921,31,7,9,tech,Trondheim,104,756.7
922,21,5,4,tech,Trondheim,68,483
923,28,6,8,tech,Trondheim,74,670.32
924,45,13,11,tech,Trondheim,108,917.7
925,28,6,8,tech,Trondheim,85,593.88
926,35,10,9,tech,Trondheim,86,650.16
927,19,5,4,tech,Trondheim,42,403.76
928,35,8,9,tech,Trondheim,69,662.48
929,26,8,6,tech,Trondheim,48,459.2
930,17,4,4,tech,Trondheim,33,283.5
931,30,6,6,tech,Trondheim,94,682.08
932,29,8,6,tech,Trondheim,78,547.82
933,37,7,9,tech,Trondheim,96,875.56
934,28,8,6,tech,Trondheim,69,470.4
935,32,9,7,tech,Trondheim,106,752.64
936,48,12,13,tech,Trondheim,96,940.24
937,24,7,5,tech,Trondheim,80,564.48
938,30,7,9,tech,Trondheim,66,521.64
939,25,6,6,tech,Trondheim,64,574.98
940,37,8,8,tech,Trondheim,101,793.94
941,42,9,12,tech,Trondheim,98,943.74
942,45,10,13,tech,Trondheim,125,866.32
943,45,13,12,tech,Trondheim,131,1019.2
944,57,16,11,tech,Trondheim,148,1328.88
945,30,8,9,tech,Trondheim,101,690.9
946,35,8,11,tech,Trondheim,104,824.04
947,51,13,14,tech,Trondheim,182,1244.88
948,42,10,12,tech,Trondheim,92,896
949,21,6,6,tech,Trondheim,37,369.6
950,53,11,12,tech,Trondheim,143,1234.24
951,60,13,16,tech,Trondheim,126,1233.54
952,38,9,10,tech,Trondheim,89,893.76
953,22,6,6,tech,Trondheim,58,433.16
954,37,10,10,tech,Trondheim,92,694.26
955,23,7,5,tech,Trondheim,58,421.4
956,38,11,8,tech,Trondheim,85,821.94
957,52,13,13,tech,Trondheim,132,1201.2
958,32,8,9,tech,Trondheim,76,610.54
959,48,14,11,tech,Trondheim,100,838.04
960,21,5,6,tech,Trondheim,55,443.52
961,37,7,10,tech,Trondheim,132,899.64
962,51,11,12,tech,Trondheim,117,1098.16
963,23,7,6,tech,Trondheim,43,428.4
964,60,18,12,tech,Trondheim,170,1449
965,36,10,9,tech,Trondheim,104,870.1
966,24,5,7,tech,Trondheim,72,504
967,46,13,11,tech,Trondheim,134,1107.4
968,44,11,13,tech,Trondheim,103,818.72
969,51,14,10,tech,Trondheim,122,882
970,53,15,12,tech,Trondheim,141,1209.6
971,30,7,8,tech,Trondheim,92,730.8
972,29,6,8,tech,Trondheim,84,614.04
973,51,10,14,tech,Trondheim,122,924
974,20,5,5,tech,Trondheim,59,457.8
975,55,12,17,tech,Trondheim,138,1058.4
976,47,12,9,tech,Trondheim,86,771.12
977,56,12,13,tech,Trondheim,143,952.56
978,33,8,8,tech,Trondheim,71,665.42
979,31,8,9,tech,Trondheim,78,732.48
980,56,14,16,tech,Trondheim,159,1191.96
981,31,7,8,tech,Trondheim,93,663.32
982,50,13,14,tech,Trondheim,129,948.64
983,41,10,10,tech,Trondheim,88,768.6
984,50,14,15,tech,Trondheim,162,1249.78
985,20,5,5,tech,Trondheim,64,499.8
986,28,8,8,tech,Trondheim,81,591.36
987,45,13,13,tech,Trondheim,101,974.12
988,19,4,5,tech,Trondheim,55,411.6
989,22,5,6,tech,Trondheim,62,535.92
990,43,9,13,tech,Trondheim,113,982.8
991,39,9,9,tech,Trondheim,83,686.28
992,46,11,12,tech,Trondheim,140,1139.88
993,43,10,9,tech,Trondheim,90,746.48
994,59,13,15,tech,Trondheim,160,1364.16
995,19,5,6,tech,Trondheim,44,382.2
996,28,7,8,tech,Trondheim,59,583.94
997,16,4,4,tech,Trondheim,45,376.32
998,21,6,5,tech,Trondheim,54,362.88
999,46,10,10,tech,Trondheim,155,1034.88
1000,61,31,12,finance,Oslo,110,1102.4
1001,55,24,15,finance,Oslo,157,1052.8
1002,52,23,11,finance,Oslo,111,928.8
1003,49,20,12,finance,Oslo,115,931.5
1004,46,21,12,finance,Oslo,100,837.4
1005,80,48,18,finance,Oslo,186,1314
1006,105,45,27,finance,Oslo,285,1947
1007,100,45,21,finance,Oslo,253,1909
1008,92,44,20,finance,Oslo,255,1840.8
1009,57,29,12,finance,Oslo,86,842.8
1010,112,61,27,finance,Oslo,336,2340
1011,90,39,22,finance,Oslo,208,1630.8
1012,51,21,13,finance,Oslo,134,935
1013,116,68,30,finance,Oslo,341,2503.8
1014,58,32,14,finance,Oslo,129,904.8
1015,119,68,26,finance,Oslo,276,1917
1016,88,37,21,finance,Oslo,166,1460
1017,47,20,10,finance,Oslo,126,893.2
1018,88,52,23,finance,Oslo,214,1711.5
1019,82,45,22,finance,Oslo,192,1519.8
1020,77,39,22,finance,Oslo,173,1587
1021,85,50,17,finance,Oslo,196,1550.4
1022,83,36,20,finance,Oslo,204,1403.9
1023,119,71,25,finance,Oslo,282,2429.5
1024,76,44,22,finance,Oslo,172,1675.6
1025,45,25,13,finance,Oslo,96,946.2
1026,70,30,15,finance,Oslo,131,1035
1027,119,71,32,finance,Oslo,193,1931.4
1028,65,33,18,finance,Oslo,113,1078.8
1029,77,38,21,finance,Oslo,207,1441.6
1030,66,36,16,finance,Oslo,157,1321.6
1031,75,31,21,finance,Oslo,115,1092.2
1032,76,33,19,finance,Oslo,165,1536
1033,98,54,25,finance,Oslo,209,2035.5
1034,115,48,32,finance,Oslo,188,1638
1035,106,47,22,finance,Oslo,160,1505
1036,55,25,14,finance,Oslo,121,1034
1037,114,46,24,finance,Oslo,293,1968.8
1038,115,58,23,finance,Oslo,214,1901.2
1039,61,27,14,finance,Oslo,103,989.4
1040,78,37,23,finance,Oslo,169,1366.2
1041,109,55,22,finance,Oslo,186,1841.4
1042,68,29,18,finance,Oslo,106,1058
1043,115,69,26,finance,Oslo,313,2121
1044,88,36,25,finance,Oslo,185,1385.7
1045,85,51,18,finance,Oslo,172,1247.4
1046,81,41,19,finance,Oslo,182,1311.3
1047,77,44,19,finance,Oslo,178,1596
1048,80,39,21,finance,Oslo,140,1302
1049,58,34,12,finance,Oslo,93,832
1050,70,33,18,finance,Oslo,114,980.1
1051,97,46,26,finance,Oslo,200,1926.6
1052,85,48,21,finance,Oslo,173,1401.4
1053,104,61,25,finance,Oslo,184,1672
1054,113,48,26,finance,Oslo,243,1664.3
1055,85,51,20,finance,Oslo,210,1700.4
1056,82,41,21,finance,Oslo,214,1526.4
1057,105,50,24,finance,Oslo,228,1825.8
1058,70,29,18,finance,Oslo,138,994.5
1059,96,49,22,finance,Oslo,273,1853.7
1060,111,57,30,finance,Oslo,312,2376
1061,84,39,23,finance,Oslo,252,1752
1062,88,45,21,finance,Oslo,175,1247.4
1063,97,39,22,finance,Oslo,138,1327.2
1064,120,62,28,finance,Oslo,252,2373
1065,75,35,19,finance,Oslo,196,1509.3
1066,111,47,24,finance,Oslo,265,1856.4
1067,68,32,19,finance,Oslo,135,975.8
1068,89,47,21,finance,Oslo,183,1538.6
1069,101,47,22,finance,Oslo,222,1972
1070,101,44,21,finance,Oslo,155,1427.6
1071,64,30,17,finance,Oslo,113,1043.4
1072,47,24,10,finance,Oslo,91,769.5
1073,64,34,19,finance,Oslo,145,1205.1
1074,70,33,19,finance,Oslo,160,1256.6
1075,112,47,29,finance,Oslo,327,2218.4
1076,72,36,16,finance,Oslo,158,1140.8
1077,94,39,24,finance,Oslo,200,1617.1
1078,65,36,17,finance,Oslo,140,1038.4
1079,49,29,14,finance,Oslo,108,828
1080,83,47,17,finance,Oslo,189,1661.1
1081,101,54,27,finance,Oslo,198,1583.4
1082,113,63,27,finance,Oslo,254,1766.1
1083,119,52,27,finance,Oslo,296,2277
1084,116,68,24,finance,Oslo,268,1913.6
1085,52,23,14,finance,Oslo,114,872.2
1086,45,19,13,finance,Oslo,104,839.3
1087,100,60,27,finance,Oslo,201,1888.7
1088,61,26,16,finance,Oslo,107,947.6
1089,106,51,27,finance,Oslo,278,2060.8
1090,51,30,12,finance,Oslo,123,864.9
1091,110,46,29,finance,Oslo,236,1794.5
1092,56,33,13,finance,Oslo,86,856.8
1093,94,51,22,finance,Oslo,243,1770.2
1094,68,35,19,finance,Oslo,136,1159
1095,103,48,25,finance,Oslo,194,1848
1096,100,44,26,finance,Oslo,197,1853
1097,112,55,31,finance,Oslo,237,2019.6
1098,57,24,14,finance,Oslo,109,788.5
1099,97,45,26,finance,Oslo,229,1965.6
1100,96,51,24,finance,Oslo,293,1966.5
1101,57,25,12,finance,Oslo,105,1052.8
1102,109,45,31,finance,Oslo,220,1554
1103,73,32,22,finance,Oslo,156,1244.6
1104,65,26,17,finance,Oslo,134,1296
1105,100,54,25,finance,Oslo,282,2130.1
1106,99,49,28,finance,Oslo,276,1953.6
1107,99,56,23,finance,Oslo,180,1673.2
1108,112,53,30,finance,Oslo,303,2106
1109,70,34,21,finance,Oslo,178,1262.5
1110,84,50,22,finance,Oslo,215,1435.2
1111,49,27,11,finance,Oslo,101,835.2
1112,45,18,12,finance,Oslo,104,757.5
1113,90,44,23,finance,Oslo,137,1365.9
1114,78,32,22,finance,Oslo,146,1267.2
1115,83,46,20,finance,Oslo,248,1683.7
1116,69,38,20,finance,Oslo,152,1041.4
1117,112,61,29,finance,Oslo,296,2040.2
1118,63,35,15,finance,Oslo,161,1084.8
1119,88,51,23,finance,Oslo,211,1652.4
1120,89,45,21,finance,Oslo,165,1627.5
1121,88,53,23,finance,Oslo,263,1968
1122,115,63,25,finance,Oslo,226,1969.1
1123,117,69,30,finance,Oslo,319,2160
1124,98,47,26,finance,Oslo,150,1504.8
1125,45,24,10,finance,Oslo,111,876.9
1126,117,51,24,finance,Oslo,165,1632
1127,109,52,26,finance,Oslo,184,1514.7
1128,102,44,23,finance,Oslo,208,1960.4
1129,105,46,25,finance,Oslo,204,1513.6
1130,113,50,29,finance,Oslo,263,1785.6
1131,108,56,25,finance,Oslo,224,1757.7
1132,77,44,23,finance,Oslo,181,1324.8
1133,87,35,24,finance,Oslo,207,1693.6
1134,108,62,26,finance,Oslo,175,1626.8
1135,100,60,29,finance,Oslo,204,1682.1
1136,62,34,15,finance,Oslo,123,976.8
1137,69,35,16,finance,Oslo,137,1320
1138,64,29,16,finance,Oslo,123,1079.1
1139,112,46,23,finance,Oslo,181,1574.7
1140,53,24,14,finance,Oslo,134,900.9
1141,120,67,30,finance,Oslo,189,1822.8
1142,116,57,32,finance,Oslo,203,1660.5
1143,114,48,26,finance,Oslo,264,2199.6
1144,86,47,23,finance,Oslo,213,1497.6
1145,74,41,21,finance,Oslo,127,1210.4
1146,111,48,24,finance,Oslo,204,1921.5
1147,102,54,21,finance,Oslo,256,1876.2
1148,77,41,17,finance,Oslo,184,1579.5
1149,115,68,29,finance,Oslo,195,1717.2
1150,90,53,26,finance,Oslo,201,1808.3
1151,59,25,15,finance,Oslo,151,1009.8
1152,55,27,11,finance,Oslo,123,827.7
1153,93,52,21,finance,Oslo,200,1743
1154,119,52,26,finance,Oslo,226,2127.6
1155,80,42,17,finance,Oslo,172,1654.1
1156,76,40,22,finance,Oslo,178,1352.4
1157,120,50,32,finance,Oslo,255,1999.8
1158,57,28,16,finance,Oslo,112,878.7
1159,51,24,12,finance,Oslo,131,896.1
1160,56,24,12,finance,Oslo,152,1094.8
1161,84,45,20,finance,Oslo,208,1713.5
1162,85,43,20,finance,Oslo,207,1642.8
1163,117,69,30,finance,Oslo,244,2440.8
1164,51,21,12,finance,Oslo,102,840
1165,64,34,15,finance,Oslo,153,1220.4
1166,56,28,12,finance,Oslo,134,940.8
1167,72,36,16,finance,Oslo,117,1116
1168,96,43,25,finance,Oslo,221,1787.6
1169,100,47,24,finance,Oslo,164,1624.5
1170,52,21,16,finance,Oslo,122,881.1
1171,48,28,10,finance,Oslo,94,696.6
1172,111,62,29,finance,Oslo,185,1737.2
1173,82,41,24,finance,Oslo,125,1220.1
1174,98,57,22,finance,Oslo,222,1557.6
1175,119,67,30,finance,Oslo,262,2052
1176,62,36,13,finance,Oslo,154,1043.4
1177,96,43,25,finance,Oslo,189,1623.6
1178,111,63,26,finance,Oslo,195,1880
1179,110,65,29,finance,Oslo,254,1734
1180,61,33,13,finance,Oslo,120,856
1181,110,50,33,finance,Oslo,212,1601.9
1182,45,19,12,finance,Oslo,103,752.4
1183,93,53,20,finance,Oslo,231,1909
1184,120,61,28,finance,Oslo,273,2278.1
1185,59,24,17,finance,Oslo,152,1070
1186,47,26,11,finance,Oslo,95,814.8
1187,82,47,18,finance,Oslo,184,1455.3
1188,80,34,19,finance,Oslo,166,1343.3
1189,46,25,10,finance,Oslo,97,899.1
1190,53,24,13,finance,Oslo,133,1026
1191,101,55,22,finance,Oslo,243,1673.2
1192,115,47,25,finance,Oslo,229,1664.3
1193,120,68,29,finance,Oslo,334,2430.4
1194,90,45,23,finance,Oslo,197,1548.4
1195,77,41,22,finance,Oslo,195,1442
1196,115,52,25,finance,Oslo,320,2150.4
1197,90,36,18,finance,Oslo,204,1396.8
1198,62,26,13,finance,Oslo,109,1010
1199,93,49,27,finance,Oslo,244,2011.1
1200,97,47,20,finance,Oslo,227,1607.2
1201,87,37,24,finance,Oslo,242,1672.4
1202,66,35,19,finance,Oslo,180,1320
1203,60,29,16,finance,Oslo,106,1018.5
1204,81,32,22,finance,Oslo,151,1242
1205,84,39,20,finance,Oslo,155,1229.8
1206,73,44,15,finance,Oslo,166,1280.4
1207,69,31,16,finance,Oslo,180,1357.2
1208,59,29,15,finance,Oslo,130,1236
1209,86,39,23,finance,Oslo,169,1687.2
1210,66,33,18,finance,Oslo,157,1380.6
1211,45,25,13,finance,Oslo,82,796.8
1212,65,35,18,finance,Oslo,110,1085.6
1213,105,54,27,finance,Oslo,207,1822.8
1214,59,33,13,finance,Oslo,112,966
1215,51,24,10,finance,Oslo,95,935
1216,60,26,17,finance,Oslo,108,1081.5
1217,108,49,24,finance,Oslo,236,1683.3
1218,104,51,27,finance,Oslo,268,1820
1219,84,49,23,finance,Oslo,213,1700.4
1220,85,40,25,finance,Oslo,146,1245
1221,81,49,18,finance,Oslo,218,1465.2
1222,47,22,11,finance,Oslo,73,664
1223,97,40,27,finance,Oslo,162,1623.6
1224,47,25,14,finance,Oslo,74,722.4
1225,110,52,29,finance,Oslo,236,1967.3
1226,90,42,20,finance,Oslo,245,1763.2
1227,114,57,32,finance,Oslo,267,2090.9
1228,66,31,16,finance,Oslo,184,1276.9
1229,58,25,13,finance,Oslo,147,1056
1230,104,44,22,finance,Oslo,213,2006
1231,51,21,12,finance,Oslo,106,882
1232,93,51,25,finance,Oslo,225,1639.3
1233,99,49,23,finance,Oslo,258,1829.7
1234,78,42,18,finance,Oslo,206,1393.8
1235,49,29,13,finance,Oslo,130,991.9
1236,88,40,24,finance,Oslo,158,1474.4
1237,62,30,15,finance,Oslo,169,1166.3
1238,50,21,10,finance,Oslo,102,688.5
1239,100,45,26,finance,Oslo,298,2052
1240,72,30,19,finance,Oslo,146,1270.5
1241,69,30,19,finance,Oslo,119,1085.6
1242,92,38,24,finance,Oslo,162,1232
1243,56,26,17,finance,Oslo,133,1029.6
1244,81,47,18,finance,Oslo,227,1649.8
1245,62,29,14,finance,Oslo,124,861
1246,89,45,27,finance,Oslo,214,1465.1
1247,54,22,14,finance,Oslo,124,1080
1248,65,35,13,finance,Oslo,166,1276.9
1249,99,45,21,finance,Oslo,205,1881
1250,53,28,11,finance,Oslo,96,800.4
1251,76,38,21,finance,Oslo,190,1458
1252,62,37,13,finance,Oslo,96,907.2
1253,118,60,27,finance,Oslo,335,2234.5
1254,46,20,12,finance,Oslo,74,631.8
1255,45,21,13,finance,Oslo,107,782.1
1256,109,63,27,finance,Oslo,325,2169.1
1257,113,61,24,finance,Oslo,180,1584
1258,66,36,17,finance,Oslo,134,975.8
1259,96,50,25,finance,Oslo,248,1983.6
1260,106,53,25,finance,Oslo,248,1692.8
1261,81,46,20,finance,Oslo,190,1264.2
1262,84,45,18,finance,Oslo,167,1572.9
1263,69,31,18,finance,Oslo,162,1156.4
1264,75,34,19,finance,Oslo,142,1305.6
1265,54,27,14,finance,Oslo,140,1111.5
1266,112,45,29,finance,Oslo,239,2120.4
1267,100,42,24,finance,Oslo,146,1427.6
1268,59,32,17,finance,Oslo,100,918
1269,46,19,10,finance,Oslo,90,810
1270,109,65,26,finance,Oslo,219,2060
1271,51,27,14,finance,Oslo,123,874
1272,77,35,19,finance,Oslo,193,1401.7
1273,92,45,26,finance,Oslo,191,1352.9
1274,118,64,25,finance,Oslo,235,1883.7
1275,120,48,30,finance,Oslo,241,2217.6
1276,116,68,29,finance,Oslo,368,2513.4
1277,65,39,18,finance,Oslo,205,1439.6
1278,89,40,22,finance,Oslo,210,1585.5
1279,80,44,23,finance,Oslo,180,1617
1280,46,26,12,finance,Oslo,82,722.4
1281,105,45,31,finance,Oslo,289,2009.1
1282,106,46,22,finance,Oslo,215,1496.4
1283,102,55,26,finance,Oslo,264,1994.7
1284,111,56,29,finance,Oslo,273,2018.8
1285,102,50,25,finance,Oslo,198,1699.2
1286,49,22,11,finance,Oslo,126,877.4
1287,117,47,29,finance,Oslo,307,2316
1288,100,50,20,finance,Oslo,279,1955
1289,90,53,23,finance,Oslo,143,1427.6
1290,52,25,11,finance,Oslo,152,1020.8
1291,58,34,16,finance,Oslo,120,928.8
1292,50,23,14,finance,Oslo,103,713.4
1293,87,44,19,finance,Oslo,143,1275
1294,116,68,29,finance,Oslo,297,2428.2
1295,70,32,18,finance,Oslo,158,1092
1296,101,52,20,finance,Oslo,195,1384
1297,98,47,20,finance,Oslo,197,1716
1298,110,60,25,finance,Oslo,243,1677
1299,93,47,24,finance,Oslo,168,1476
1300,57,26,15,finance,Oslo,137,989.8
1301,100,58,25,finance,Oslo,260,2141.1
1302,81,40,23,finance,Oslo,184,1267.2
1303,109,51,28,finance,Oslo,230,1917.6
1304,56,33,15,finance,Oslo,109,884
1305,88,43,26,finance,Oslo,204,1460.1
1306,46,27,13,finance,Oslo,122,868.6
1307,60,31,14,finance,Oslo,135,945
1308,51,24,14,finance,Oslo,96,827.7
1309,120,50,36,finance,Oslo,230,1689.2
1310,50,24,15,finance,Oslo,87,783.2
1311,102,42,25,finance,Oslo,239,1757.6
1312,91,42,25,finance,Oslo,212,1422
1313,80,40,17,finance,Oslo,156,1328.9
1314,78,46,23,finance,Oslo,176,1719.9
1315,68,41,20,finance,Oslo,161,1161
1316,79,47,19,finance,Oslo,196,1682
1317,86,43,26,finance,Oslo,130,1286.5
1318,74,43,20,finance,Oslo,201,1534.4
1319,58,34,12,finance,Oslo,134,1092
1320,116,53,32,finance,Oslo,206,1768.8
1321,52,29,15,finance,Oslo,102,960
1322,108,48,28,finance,Oslo,270,2060.8
1323,112,52,24,finance,Oslo,233,1917.6
1324,64,33,15,finance,Oslo,161,1097.6
1325,58,28,15,finance,Oslo,135,1212
1326,78,38,23,finance,Oslo,134,1153.7
1327,118,66,31,finance,Oslo,244,1806
1328,51,31,12,finance,Oslo,147,1005.8
1329,85,40,21,finance,Oslo,189,1679
1330,48,27,11,finance,Oslo,103,799.8
1331,91,51,27,finance,Oslo,173,1690
1332,97,44,20,finance,Oslo,222,1867.6
1333,115,52,30,finance,Oslo,256,1970
1334,67,39,17,finance,Oslo,123,1094.7
1335,116,57,31,finance,Oslo,204,1652.4
1336,107,59,26,finance,Oslo,203,1862.4
1337,70,30,20,finance,Oslo,139,960
1338,79,45,21,finance,Oslo,242,1638.5
1339,113,50,31,finance,Oslo,304,2172.8
1340,57,28,14,finance,Oslo,113,1049.4
1341,56,25,13,finance,Oslo,105,1024.6
1342,52,25,11,finance,Oslo,112,906.4
1343,99,46,20,finance,Oslo,233,1963.5
1344,115,67,34,finance,Oslo,332,2289.6
1345,72,37,20,finance,Oslo,163,1264.2
1346,83,39,22,finance,Oslo,144,1296
1347,110,44,22,finance,Oslo,225,1548.8
1348,108,53,30,finance,Oslo,237,2081.9
1349,79,40,19,finance,Oslo,115,1145.4
1350,120,68,25,finance,Oslo,269,1874.4
1351,54,31,12,finance,Oslo,120,824.5
1352,100,43,30,finance,Oslo,270,1833.8
1353,68,34,17,finance,Oslo,124,1178.1
1354,95,49,23,finance,Oslo,201,1770.2
1355,80,33,19,finance,Oslo,220,1478.4
1356,67,30,19,finance,Oslo,178,1334
1357,48,27,12,finance,Oslo,129,913.5
1358,102,57,23,finance,Oslo,159,1510.6
1359,95,42,28,finance,Oslo,151,1419
1360,73,36,19,finance,Oslo,197,1459.2
1361,66,26,13,finance,Oslo,146,987
1362,71,39,21,finance,Oslo,169,1454.1
1363,71,35,16,finance,Oslo,106,1049.2
1364,59,35,18,finance,Oslo,110,1097.6
1365,86,38,17,finance,Oslo,203,1410
1366,72,32,20,finance,Oslo,164,1227.6
1367,99,58,29,finance,Oslo,223,1841.4
1368,47,21,11,finance,Oslo,87,734.7
1369,113,46,32,finance,Oslo,287,2272.9
1370,80,46,24,finance,Oslo,143,1215
1371,67,28,16,finance,Oslo,161,1143.3
1372,108,52,32,finance,Oslo,255,2265.6
1373,48,19,13,finance,Oslo,111,952
1374,114,55,30,finance,Oslo,258,2368.1
1375,83,34,22,finance,Oslo,180,1501.2
1376,49,24,11,finance,Oslo,95,714
1377,75,38,21,finance,Oslo,159,1514.2
1378,106,46,30,finance,Oslo,173,1474.2
1379,59,35,12,finance,Oslo,114,1049.4
1380,63,36,15,finance,Oslo,159,1219.8
1381,59,29,14,finance,Oslo,146,1132.2
1382,76,33,21,finance,Oslo,176,1196
1383,97,42,23,finance,Oslo,277,1895.4
1384,105,56,28,finance,Oslo,306,2249.1
1385,65,38,15,finance,Oslo,153,1026.6
1386,68,27,18,finance,Oslo,190,1276.9
1387,120,52,36,finance,Oslo,220,1976
1388,51,26,11,finance,Oslo,91,897.6
1389,75,38,15,finance,Oslo,200,1382.4
1390,80,35,23,finance,Oslo,180,1283.4
1391,80,47,24,finance,Oslo,174,1253.3
1392,68,28,19,finance,Oslo,148,1023.5
1393,120,68,29,finance,Oslo,240,2343.6
1394,113,63,25,finance,Oslo,268,2351.7
1395,49,22,14,finance,Oslo,125,833
1396,73,37,21,finance,Oslo,172,1375.5
1397,101,55,27,finance,Oslo,248,2177.7
1398,120,53,33,finance,Oslo,209,2039.4
1399,75,34,18,finance,Oslo,122,1193.8
1400,96,51,26,finance,Oslo,224,1678.1
1401,47,27,10,finance,Oslo,106,772.8
1402,94,45,23,finance,Oslo,189,1717.2
1403,102,54,27,finance,Oslo,300,2122.8
1404,53,24,15,finance,Oslo,113,1085.6
1405,104,46,27,finance,Oslo,193,1716.9
1406,61,29,18,finance,Oslo,136,1252.8
1407,73,43,19,finance,Oslo,229,1566
1408,59,31,16,finance,Oslo,117,1028.2
1409,58,34,12,finance,Oslo,162,1248
1410,55,31,16,finance,Oslo,132,969
1411,73,42,15,finance,Oslo,149,1417
1412,120,70,29,finance,Oslo,188,1773.9
1413,90,39,21,finance,Oslo,176,1260
1414,108,61,28,finance,Oslo,211,2029.1
1415,62,31,17,finance,Oslo,136,1111
1416,106,60,22,finance,Oslo,246,2162
1417,108,63,28,finance,Oslo,287,1930.3
1418,80,38,19,finance,Oslo,171,1397.4
1419,92,37,25,finance,Oslo,187,1386
1420,47,22,13,finance,Oslo,92,885.6
1421,103,46,28,finance,Oslo,154,1451.4
1422,118,70,28,finance,Oslo,246,1857.6
1423,64,31,19,finance,Oslo,144,1128.6
1424,107,48,22,finance,Oslo,191,1539.9
1425,117,67,35,finance,Oslo,269,2014.8
1426,71,39,15,finance,Oslo,194,1412.5
1427,69,37,15,finance,Oslo,161,1403.6
1428,93,47,23,finance,Oslo,180,1548.5
1429,119,64,24,finance,Oslo,170,1697.4
1430,67,36,17,finance,Oslo,171,1344
1431,84,40,18,finance,Oslo,199,1448.4
1432,62,35,14,finance,Oslo,136,1132.2
1433,93,52,20,finance,Oslo,185,1336.5
1434,47,28,11,finance,Oslo,104,903
1435,117,66,25,finance,Oslo,281,2100.8
1436,84,48,25,finance,Oslo,234,1852.6
1437,90,41,21,finance,Oslo,168,1459.2
1438,89,52,23,finance,Oslo,230,1705.6
1439,81,42,18,finance,Oslo,189,1677.9
1440,91,40,21,finance,Oslo,238,1748
1441,83,37,23,finance,Oslo,166,1344.2
1442,55,29,14,finance,Oslo,142,1117.2
1443,69,32,14,finance,Oslo,127,1035
1444,80,46,24,finance,Oslo,252,1710
1445,74,43,20,finance,Oslo,182,1452.2
1446,71,30,15,finance,Oslo,177,1310.8
1447,96,54,22,finance,Oslo,274,1840.4
1448,74,31,19,finance,Oslo,146,1004.4
1449,85,42,23,finance,Oslo,226,1740
1450,90,49,22,finance,Oslo,237,1690.5
1451,78,42,22,finance,Oslo,199,1505.2
1452,112,62,26,finance,Oslo,234,2260
1453,47,28,10,finance,Oslo,93,833
1454,83,42,21,finance,Oslo,130,1182.6
1455,66,35,15,finance,Oslo,171,1136.8
1456,96,58,21,finance,Oslo,211,1522.5
1457,115,64,31,finance,Oslo,232,2058
1458,73,32,22,finance,Oslo,148,1117.6
1459,68,30,15,finance,Oslo,182,1333.4
1460,94,41,20,finance,Oslo,219,1751.5
1461,75,38,20,finance,Oslo,194,1409.8
1462,63,28,17,finance,Oslo,118,1134
1463,103,62,26,finance,Oslo,294,2043.7
1464,61,25,17,finance,Oslo,130,1050.6
1465,57,26,14,finance,Oslo,136,1134.9
1466,79,41,20,finance,Oslo,169,1540
1467,72,29,18,finance,Oslo,112,999.6
1468,82,36,24,finance,Oslo,172,1434.2
1469,89,37,19,finance,Oslo,209,1725.5
1470,66,33,16,finance,Oslo,139,966
1471,50,25,10,finance,Oslo,102,714
1472,52,24,15,finance,Oslo,123,1001
1473,60,35,16,finance,Oslo,179,1298.7
1474,79,41,18,finance,Oslo,120,1159.2
1475,86,44,26,finance,Oslo,198,1497.6
1476,67,36,14,finance,Oslo,133,947.7
1477,49,26,13,finance,Oslo,96,844.8
1478,84,41,24,finance,Oslo,163,1251.6
1479,47,20,13,finance,Oslo,100,760
1480,59,30,12,finance,Oslo,109,1030.2
1481,98,39,20,finance,Oslo,235,1679.9
1482,107,45,26,finance,Oslo,176,1584.2
1483,80,32,17,finance,Oslo,148,1044.9
1484,99,44,30,finance,Oslo,234,1574.3
1485,99,55,21,finance,Oslo,171,1575
1486,89,43,21,finance,Oslo,155,1254.6
1487,112,62,27,finance,Oslo,275,2291.4
1488,83,41,23,finance,Oslo,197,1499.4
1489,90,41,25,finance,Oslo,195,1606.8
1490,79,41,16,finance,Oslo,150,1428
1491,55,31,14,finance,Oslo,139,1180
1492,57,33,12,finance,Oslo,121,877.2
1493,80,40,18,finance,Oslo,199,1573.2
1494,99,45,20,finance,Oslo,226,1738.4
1495,51,31,14,finance,Oslo,140,1142.4
1496,120,67,31,finance,Oslo,262,2114.6
1497,78,37,21,finance,Oslo,144,1387.2
1498,55,26,11,finance,Oslo,109,782
1499,117,66,32,finance,Oslo,325,2429.5
1500,26,15,7,finance,Bergen,105,806.4
1501,60,35,18,finance,Bergen,171,1629.46
1502,34,16,10,finance,Bergen,104,781.2
1503,77,37,17,finance,Bergen,216,2035.74
1504,49,23,14,finance,Bergen,143,1191.96
1505,37,22,9,finance,Bergen,95,818.72
1506,30,13,7,finance,Bergen,105,749
1507,32,17,6,finance,Bergen,117,916.3
1508,83,50,24,finance,Bergen,277,1846.32
1509,32,14,7,finance,Bergen,96,690.06
1510,34,16,8,finance,Bergen,115,820.12
1511,89,49,26,finance,Bergen,275,2181.2
1512,38,18,8,finance,Bergen,115,940.8
1513,83,35,20,finance,Bergen,282,2299.08
1514,30,12,8,finance,Bergen,58,560
1515,28,12,8,finance,Bergen,82,672
1516,35,17,10,finance,Bergen,104,711.76
1517,57,27,15,finance,Bergen,151,1510.74
1518,59,31,17,finance,Bergen,200,1662.78
1519,53,32,12,finance,Bergen,159,1208.62
1520,86,49,21,finance,Bergen,224,2184
1521,39,17,11,finance,Bergen,142,1050.56
1522,82,44,19,finance,Bergen,258,2293.9
1523,58,31,13,finance,Bergen,175,1199.52
1524,31,17,7,finance,Bergen,128,870.1
1525,71,32,20,finance,Bergen,178,1394.82
1526,20,8,6,finance,Bergen,43,409.36
1527,85,38,25,finance,Bergen,195,1947.68
1528,72,29,19,finance,Bergen,176,1764
1529,65,37,18,finance,Bergen,268,1864.8
1530,53,23,13,finance,Bergen,192,1432.9
1531,32,19,9,finance,Bergen,78,781.2
1532,76,42,18,finance,Bergen,232,1999.2
1533,44,21,12,finance,Bergen,165,1272.04
1534,29,13,9,finance,Bergen,102,692.58
1535,51,30,15,finance,Bergen,192,1397.76
1536,32,17,9,finance,Bergen,78,738.92
1537,22,11,5,finance,Bergen,56,484.12
1538,42,22,12,finance,Bergen,174,1244.88
1539,40,22,8,finance,Bergen,126,1176
1540,31,15,7,finance,Bergen,98,808.78
1541,81,44,21,finance,Bergen,270,2371.04
1542,60,33,16,finance,Bergen,179,1571.78
1543,83,40,18,finance,Bergen,243,2210.88
1544,70,38,15,finance,Bergen,192,1722
1545,56,30,15,finance,Bergen,125,1187.76
1546,84,43,18,finance,Bergen,233,2090.9
1547,69,36,15,finance,Bergen,184,1579.2
1548,40,16,11,finance,Bergen,123,1116.22
1549,30,17,8,finance,Bergen,95,739.2
1550,55,25,11,finance,Bergen,139,1082.9
1551,77,44,23,finance,Bergen,275,2056.32
1552,25,11,7,finance,Bergen,54,535.78
1553,80,42,19,finance,Bergen,266,2151.66
1554,23,11,6,finance,Bergen,68,548.8
1555,74,41,19,finance,Bergen,171,1519.56
1556,32,19,7,finance,Bergen,130,893.2
1557,22,9,5,finance,Bergen,54,438.48
1558,56,25,14,finance,Bergen,145,1210.3
1559,81,43,23,finance,Bergen,305,2181.48
1560,70,32,16,finance,Bergen,186,1618.96
1561,63,34,17,finance,Bergen,198,1436.4
1562,33,18,7,finance,Bergen,86,682.08
1563,31,18,9,finance,Bergen,96,649.6
1564,77,38,17,finance,Bergen,231,1829.52
1565,20,10,5,finance,Bergen,68,558.6
1566,36,20,10,finance,Bergen,128,933.24
1567,63,26,15,finance,Bergen,208,1412.32
1568,83,35,23,finance,Bergen,170,1598.94
1569,88,47,23,finance,Bergen,319,2344.72
1570,21,12,5,finance,Bergen,75,547.96
1571,44,19,10,finance,Bergen,159,1144.64
1572,50,25,11,finance,Bergen,138,1384.6
1573,56,28,12,finance,Bergen,205,1518.72
1574,50,27,15,finance,Bergen,144,1262.24
1575,89,37,22,finance,Bergen,203,1657.6
1576,60,32,14,finance,Bergen,234,1558.2
1577,68,36,16,finance,Bergen,287,1932
1578,57,27,17,finance,Bergen,210,1696.8
1579,39,20,11,finance,Bergen,130,1127
1580,72,42,17,finance,Bergen,254,2072.42
1581,40,21,9,finance,Bergen,149,1058.4
1582,44,22,11,finance,Bergen,133,1250.48
1583,53,27,12,finance,Bergen,143,1391.04
1584,32,15,9,finance,Bergen,95,807.52
1585,88,50,22,finance,Bergen,271,2307.2
1586,87,52,19,finance,Bergen,239,1835.96
1587,73,34,20,finance,Bergen,168,1635.76
1588,84,37,21,finance,Bergen,190,1769.32
1589,77,35,22,finance,Bergen,219,1575.84
1590,60,29,16,finance,Bergen,214,1587.6
1591,44,20,11,finance,Bergen,93,861
1592,74,40,16,finance,Bergen,147,1456
1593,40,18,9,finance,Bergen,108,891.1
1594,62,27,15,finance,Bergen,196,1354.08
1595,35,19,7,finance,Bergen,116,802.76
1596,45,19,10,finance,Bergen,135,984.2
1597,68,41,19,finance,Bergen,208,1827.84
1598,73,43,17,finance,Bergen,283,1936.48
1599,22,12,5,finance,Bergen,74,600.6
1600,41,18,9,finance,Bergen,125,904.4
1601,42,22,9,finance,Bergen,116,950.46
1602,48,25,11,finance,Bergen,126,952.56
1603,24,14,7,finance,Bergen,66,535.5
1604,69,37,16,finance,Bergen,210,2049.6
1605,72,33,21,finance,Bergen,184,1569.96
1606,71,28,14,finance,Bergen,160,1265.6
1607,70,39,18,finance,Bergen,237,2062.48
1608,87,41,26,finance,Bergen,372,2565.64
1609,47,19,10,finance,Bergen,123,1181.04
1610,47,22,9,finance,Bergen,145,1168.44
1611,75,30,17,finance,Bergen,167,1673.84
1612,47,22,11,finance,Bergen,140,963.2
1613,89,44,24,finance,Bergen,253,2527.7
1614,33,15,7,finance,Bergen,65,623.7
1615,66,37,15,finance,Bergen,256,1734.6
1616,61,31,16,finance,Bergen,169,1557.36
1617,55,26,12,finance,Bergen,175,1249.92
1618,88,53,26,finance,Bergen,284,2104.2
1619,53,26,12,finance,Bergen,165,1159.34
1620,24,13,6,finance,Bergen,72,620.06
1621,69,29,18,finance,Bergen,194,1510.32
1622,73,30,21,finance,Bergen,223,1649.2
1623,76,42,20,finance,Bergen,185,1680.84
1624,25,12,6,finance,Bergen,66,529.76
1625,60,35,13,finance,Bergen,213,1421.28
1626,39,19,10,finance,Bergen,145,1056.72
1627,54,27,11,finance,Bergen,165,1378.16
1628,49,22,14,finance,Bergen,146,1428
1629,51,22,11,finance,Bergen,148,1070.16
1630,25,15,5,finance,Bergen,95,642.6
1631,79,37,20,finance,Bergen,199,1694.56
1632,86,47,20,finance,Bergen,251,1777.86
1633,37,21,11,finance,Bergen,101,859.74
1634,24,11,6,finance,Bergen,62,551.04
1635,48,22,11,finance,Bergen,165,1281.42
1636,29,17,8,finance,Bergen,89,786.24
1637,67,29,19,finance,Bergen,167,1320.2
1638,52,24,15,finance,Bergen,122,1223.04
1639,57,30,12,finance,Bergen,138,1150.38
1640,47,25,11,finance,Bergen,156,1324.68
1641,82,35,19,finance,Bergen,334,2265.76
1642,29,17,7,finance,Bergen,107,764.26
1643,46,25,12,finance,Bergen,177,1313.06
1644,42,17,12,finance,Bergen,176,1172.92
1645,27,12,8,finance,Bergen,70,546.14
1646,89,42,24,finance,Bergen,296,2235.1
1647,25,12,7,finance,Bergen,86,609.84
1648,88,51,22,finance,Bergen,281,2321.62
1649,39,23,8,finance,Bergen,139,1038.8
1650,81,32,21,finance,Bergen,213,1538.32
1651,66,27,19,finance,Bergen,164,1473.92
1652,50,24,15,finance,Bergen,145,1183.7
1653,49,20,11,finance,Bergen,111,896
1654,33,18,8,finance,Bergen,133,916.86
1655,84,38,17,finance,Bergen,284,2140.6
1656,32,14,9,finance,Bergen,126,908.6
1657,36,20,8,finance,Bergen,97,896
1658,73,30,20,finance,Bergen,167,1480.92
1659,89,51,26,finance,Bergen,238,1905.68
1660,61,26,17,finance,Bergen,161,1354.08
1661,52,27,11,finance,Bergen,150,1033.2
1662,85,49,23,finance,Bergen,363,2439.78
1663,34,16,8,finance,Bergen,96,852.6
1664,83,48,19,finance,Bergen,325,2205
1665,33,16,7,finance,Bergen,89,658.56
1666,75,45,22,finance,Bergen,231,1888.6
1667,78,46,16,finance,Bergen,247,1862
1668,75,30,18,finance,Bergen,276,2066.4
1669,46,22,12,finance,Bergen,165,1097.6
1670,64,29,14,finance,Bergen,231,1617.84
1671,75,35,20,finance,Bergen,249,2093
1672,52,30,11,finance,Bergen,157,1445.22
1673,42,23,10,finance,Bergen,96,945
1674,24,14,6,finance,Bergen,66,628.32
1675,86,34,18,finance,Bergen,261,2105.88
1676,52,30,12,finance,Bergen,176,1434.44
1677,35,14,7,finance,Bergen,121,901.6
1678,43,19,12,finance,Bergen,109,1087.8
1679,42,24,12,finance,Bergen,103,884.52
1680,67,32,19,finance,Bergen,202,1602.44
1681,86,42,25,finance,Bergen,221,1713.6
1682,29,13,7,finance,Bergen,110,734.02
1683,66,34,19,finance,Bergen,188,1516.06
1684,40,17,12,finance,Bergen,148,1120.56
1685,79,43,17,finance,Bergen,225,1595.72
1686,42,21,13,finance,Bergen,87,872.48
1687,35,17,10,finance,Bergen,77,755.16
1688,34,14,9,finance,Bergen,119,909.72
1689,37,20,11,finance,Bergen,99,771.12
1690,74,33,17,finance,Bergen,248,1944.32
1691,72,30,15,finance,Bergen,230,1670.76
1692,38,19,10,finance,Bergen,141,966.14
1693,49,20,12,finance,Bergen,146,1156.68
1694,78,34,20,finance,Bergen,222,1977.36
1695,35,16,7,finance,Bergen,128,901.32
1696,90,45,22,finance,Bergen,260,1780.38
1697,45,18,9,finance,Bergen,117,816.48
1698,44,23,12,finance,Bergen,116,1161.3
1699,80,34,24,finance,Bergen,210,1680.84
1700,57,28,12,finance,Bergen,124,1222.2
1701,66,37,16,finance,Bergen,254,1849.26
1702,57,28,17,finance,Bergen,191,1627.92
1703,81,42,21,finance,Bergen,330,2338.56
1704,70,35,19,finance,Bergen,239,1788.08
1705,62,26,13,finance,Bergen,120,1201.9
1706,81,42,19,finance,Bergen,329,2306.08
1707,23,10,7,finance,Bergen,80,582.4
1708,41,23,9,finance,Bergen,132,1195.74
1709,59,32,12,finance,Bergen,216,1557.36
1710,65,30,18,finance,Bergen,191,1629.46
1711,40,20,11,finance,Bergen,124,1043.7
1712,56,24,14,finance,Bergen,192,1552.88
1713,38,22,9,finance,Bergen,136,937.02
1714,47,27,13,finance,Bergen,123,1181.46
1715,64,36,15,finance,Bergen,188,1771
1716,86,41,22,finance,Bergen,240,2211.16
1717,46,26,10,finance,Bergen,130,1251.32
1718,73,39,17,finance,Bergen,299,2058.84
1719,82,41,19,finance,Bergen,253,2325.96
1720,48,20,10,finance,Bergen,130,1255.8
1721,39,22,12,finance,Bergen,135,1134.42
1722,53,26,15,finance,Bergen,147,1447.6
1723,43,26,12,finance,Bergen,123,1168.02
1724,24,14,7,finance,Bergen,104,699.3
1725,32,17,9,finance,Bergen,87,836.36
1726,83,35,20,finance,Bergen,264,2009.28
1727,21,12,5,finance,Bergen,56,441.56
1728,20,9,6,finance,Bergen,48,406.7
1729,66,34,14,finance,Bergen,153,1372.56
1730,69,28,14,finance,Bergen,200,1491.84
1731,80,48,16,finance,Bergen,277,2036.16
1732,42,21,9,finance,Bergen,123,1038.24
1733,86,42,25,finance,Bergen,238,2163.42
1734,50,27,11,finance,Bergen,189,1466.08
1735,72,33,19,finance,Bergen,169,1631.84
1736,75,42,20,finance,Bergen,240,2263.24
1737,62,34,14,finance,Bergen,220,1570.8
1738,59,34,17,finance,Bergen,208,1401.4
1739,88,42,24,finance,Bergen,353,2414.72
1740,89,45,27,finance,Bergen,314,2163.84
1741,45,25,10,finance,Bergen,175,1344
1742,54,22,13,finance,Bergen,206,1407.98
1743,86,37,20,finance,Bergen,271,2262.26
1744,67,36,15,finance,Bergen,193,1718.08
1745,56,22,15,finance,Bergen,156,1236.9
1746,38,21,8,finance,Bergen,151,1088.08
1747,83,49,21,finance,Bergen,212,1992.06
1748,61,29,17,finance,Bergen,179,1393.14
1749,63,35,18,finance,Bergen,193,1445.36
1750,53,27,11,finance,Trondheim,172,1452.36
1751,73,41,18,finance,Trondheim,235,1737.12
1752,81,32,22,finance,Trondheim,248,1871.1
1753,48,21,13,finance,Trondheim,112,1067.64
1754,19,10,4,finance,Trondheim,60,434.28
1755,58,32,15,finance,Trondheim,185,1587.6
1756,50,25,12,finance,Trondheim,164,1132.74
1757,70,38,15,finance,Trondheim,219,1635.9
1758,77,37,21,finance,Trondheim,182,1530.9
1759,26,12,5,finance,Trondheim,90,722.4
1760,38,18,9,finance,Trondheim,122,937.3
1761,65,32,16,finance,Trondheim,186,1566.18
1762,42,21,9,finance,Trondheim,100,907.2
1763,16,8,4,finance,Trondheim,37,356.72
1764,65,37,14,finance,Trondheim,243,1737.68
1765,61,28,16,finance,Trondheim,211,1705.2
1766,30,14,7,finance,Trondheim,111,792.54
1767,54,24,15,finance,Trondheim,182,1315.02
1768,71,32,17,finance,Trondheim,258,1982.4
1769,49,27,14,finance,Trondheim,121,1184.4
1770,70,37,17,finance,Trondheim,302,2013.76
1771,15,7,4,finance,Trondheim,46,411.32
1772,57,27,14,finance,Trondheim,153,1275.96
1773,45,27,11,finance,Trondheim,105,999.32
1774,30,14,6,finance,Trondheim,82,637
1775,38,18,11,finance,Trondheim,114,1097.46
1776,79,35,24,finance,Trondheim,222,2067.24
1777,30,18,7,finance,Trondheim,98,770
1778,40,20,10,finance,Trondheim,129,921.2
1779,61,25,17,finance,Trondheim,225,1528.52
1780,50,28,13,finance,Trondheim,149,1490.58
1781,19,11,4,finance,Trondheim,73,528.36
1782,46,23,11,finance,Trondheim,127,952
1783,72,36,20,finance,Trondheim,291,1971.2
1784,58,26,17,finance,Trondheim,217,1654.38
1785,40,16,12,finance,Trondheim,133,932.96
1786,59,24,17,finance,Trondheim,169,1652
1787,49,29,11,finance,Trondheim,156,1221.08
1788,72,32,16,finance,Trondheim,172,1461.6
1789,41,22,8,finance,Trondheim,115,1033.76
1790,19,9,6,finance,Trondheim,67,561.68
1791,29,17,7,finance,Trondheim,124,868.14
1792,59,34,15,finance,Trondheim,261,1769.04
1793,17,8,4,finance,Trondheim,43,353.22
1794,20,9,4,finance,Trondheim,42,397.32
1795,70,40,20,finance,Trondheim,255,1874.6
1796,38,21,8,finance,Trondheim,129,1003.66
1797,47,21,12,finance,Trondheim,136,940.8
1798,54,29,15,finance,Trondheim,154,1221.08
1799,50,29,11,finance,Trondheim,123,1159.2
1800,72,30,17,finance,Trondheim,190,1332.8
1801,35,14,9,finance,Trondheim,87,836.36
1802,87,37,19,finance,Trondheim,253,2202.2
1803,27,15,6,finance,Trondheim,82,759.36
1804,56,29,14,finance,Trondheim,177,1219.68
1805,75,34,17,finance,Trondheim,152,1411.2
1806,73,39,19,finance,Trondheim,236,1907.36
1807,69,31,17,finance,Trondheim,151,1474.2
1808,74,35,20,finance,Trondheim,223,1607.34
1809,89,53,18,finance,Trondheim,250,2105.6
1810,50,28,11,finance,Trondheim,130,1283.38
1811,67,34,18,finance,Trondheim,184,1732.64
1812,24,10,6,finance,Trondheim,51,476
1813,43,24,9,finance,Trondheim,147,1117.2
1814,74,31,21,finance,Trondheim,248,1711.08
1815,38,21,10,finance,Trondheim,114,1014.3
1816,59,30,13,finance,Trondheim,208,1513.68
1817,37,18,8,finance,Trondheim,113,926.1
1818,22,13,5,finance,Trondheim,82,649.6
1819,44,19,9,finance,Trondheim,162,1078.56
1820,23,11,6,finance,Trondheim,88,604.8
1821,90,40,21,finance,Trondheim,195,1881.46
1822,43,24,10,finance,Trondheim,124,1067.22
1823,61,35,13,finance,Trondheim,142,1403.92
1824,16,8,4,finance,Trondheim,48,321.44
1825,15,8,4,finance,Trondheim,63,449.82
1826,66,33,19,finance,Trondheim,199,1833.72
1827,88,50,26,finance,Trondheim,376,2617.44
1828,35,16,10,finance,Trondheim,83,683.2
1829,33,16,10,finance,Trondheim,116,801.22
1830,20,9,5,finance,Trondheim,66,509.32
1831,29,15,6,finance,Trondheim,89,609
1832,88,43,24,finance,Trondheim,236,1909.6
1833,88,38,26,finance,Trondheim,263,2064.16
1834,56,30,14,finance,Trondheim,184,1316
1835,83,37,21,finance,Trondheim,259,2052.96
1836,68,39,14,finance,Trondheim,201,1490.72
1837,15,6,3,finance,Trondheim,46,336
1838,83,47,23,finance,Trondheim,210,2077.74
1839,41,17,9,finance,Trondheim,117,1116.22
1840,84,43,17,finance,Trondheim,322,2278.08
1841,84,45,20,finance,Trondheim,293,2023.42
1842,36,19,10,finance,Trondheim,128,919.1
1843,87,49,20,finance,Trondheim,204,1900.08
1844,20,9,6,finance,Trondheim,87,583.1
1845,66,34,14,finance,Trondheim,257,1771.56
1846,39,21,10,finance,Trondheim,138,1019.2
1847,33,19,8,finance,Trondheim,86,747.6
1848,63,33,13,finance,Trondheim,211,1403.92
1849,81,38,17,finance,Trondheim,266,2284.8
1850,83,47,20,finance,Trondheim,258,2373
1851,67,33,20,finance,Trondheim,202,1881.6
1852,24,13,6,finance,Trondheim,84,614.04
1853,88,39,21,finance,Trondheim,322,2320.64
1854,57,34,13,finance,Trondheim,201,1659.84
1855,85,37,19,finance,Trondheim,215,1579.2
1856,55,31,13,finance,Trondheim,154,1413.72
1857,37,19,10,finance,Trondheim,104,997.92
1858,35,14,9,finance,Trondheim,84,649.6
1859,30,18,8,finance,Trondheim,80,635.04
1860,15,6,3,finance,Trondheim,39,369.6
1861,20,10,6,finance,Trondheim,46,433.44
1862,26,15,7,finance,Trondheim,97,759.36
1863,90,49,20,finance,Trondheim,246,2136.96
1864,59,31,16,finance,Trondheim,191,1454.32
1865,49,22,10,finance,Trondheim,199,1338.12
1866,49,25,13,finance,Trondheim,158,1266.72
1867,36,16,10,finance,Trondheim,106,859.32
1868,18,11,5,finance,Trondheim,78,528.36
1869,30,14,6,finance,Trondheim,81,686
1870,49,21,10,finance,Trondheim,138,1288
1871,82,46,23,finance,Trondheim,308,2536.8
1872,35,18,8,finance,Trondheim,96,717.36
1873,81,48,20,finance,Trondheim,229,2106.86
1874,87,49,20,finance,Trondheim,282,2424.24
1875,53,29,16,finance,Trondheim,134,1207.36
1876,62,26,18,finance,Trondheim,238,1602.72
1877,24,10,7,finance,Trondheim,68,556.78
1878,40,18,9,finance,Trondheim,124,1013.04
1879,78,43,19,finance,Trondheim,246,1842.4
1880,76,41,20,finance,Trondheim,272,2013.9
1881,65,30,13,finance,Trondheim,153,1421.28
1882,27,11,8,finance,Trondheim,79,540.96
1883,32,14,9,finance,Trondheim,84,823.9
1884,42,25,12,finance,Trondheim,156,1282.96
1885,84,39,24,finance,Trondheim,247,1687.56
1886,45,26,10,finance,Trondheim,119,1134
1887,18,10,4,finance,Trondheim,68,515.2
1888,42,25,10,finance,Trondheim,132,1261.26
1889,23,13,5,finance,Trondheim,64,568.26
1890,61,33,13,finance,Trondheim,181,1767.64
1891,42,17,9,finance,Trondheim,82,818.72
1892,87,35,20,finance,Trondheim,190,1669.92
1893,29,13,7,finance,Trondheim,112,823.2
1894,48,21,11,finance,Trondheim,129,1086.4
1895,66,37,14,finance,Trondheim,175,1506.96
1896,39,20,8,finance,Trondheim,107,881.72
1897,90,40,27,finance,Trondheim,346,2307.9
1898,56,23,16,finance,Trondheim,209,1502.9
1899,35,20,9,finance,Trondheim,113,994.56
1900,30,16,9,finance,Trondheim,76,754.6
1901,71,36,15,finance,Trondheim,267,1981.28
1902,15,7,4,finance,Trondheim,43,327.6
1903,60,27,18,finance,Trondheim,150,1323
1904,74,39,20,finance,Trondheim,291,2178.54
1905,34,18,10,finance,Trondheim,86,781.2
1906,31,18,8,finance,Trondheim,90,901.74
1907,45,25,12,finance,Trondheim,155,1159.48
1908,87,37,20,finance,Trondheim,310,2338.56
1909,74,44,22,finance,Trondheim,196,1685.6
1910,28,17,6,finance,Trondheim,99,799.68
1911,21,10,5,finance,Trondheim,69,478.8
1912,59,24,17,finance,Trondheim,225,1554
1913,34,20,8,finance,Trondheim,96,937.44
1914,75,35,21,finance,Trondheim,209,1962.38
1915,52,26,14,finance,Trondheim,168,1236.48
1916,38,20,11,finance,Trondheim,148,1120.56
1917,80,48,24,finance,Trondheim,290,2191.84
1918,88,46,21,finance,Trondheim,239,2148.3
1919,83,45,18,finance,Trondheim,279,2064.44
1920,84,37,20,finance,Trondheim,191,1756.86
1921,55,24,15,finance,Trondheim,141,1408.12
1922,71,38,19,finance,Trondheim,240,1935.36
1923,24,13,5,finance,Trondheim,65,470.4
1924,28,12,8,finance,Trondheim,71,577.92
1925,73,35,21,finance,Trondheim,265,1896.3
1926,20,11,5,finance,Trondheim,68,584.64
1927,44,24,10,finance,Trondheim,101,895.44
1928,15,7,4,finance,Trondheim,33,298.48
1929,77,32,23,finance,Trondheim,208,1848
1930,15,7,4,finance,Trondheim,41,316.68
1931,42,24,13,finance,Trondheim,124,984.34
1932,80,42,23,finance,Trondheim,303,2354.8
1933,89,49,23,finance,Trondheim,241,2028.6
1934,68,30,19,finance,Trondheim,222,1490.58
1935,57,24,15,finance,Trondheim,167,1196.16
1936,58,33,17,finance,Trondheim,141,1391.04
1937,85,43,25,finance,Trondheim,351,2463.3
1938,63,30,19,finance,Trondheim,188,1771.84
1939,59,29,14,finance,Trondheim,163,1385.16
1940,55,26,16,finance,Trondheim,173,1588.86
1941,75,40,19,finance,Trondheim,313,2232.44
1942,78,31,20,finance,Trondheim,226,1860.18
1943,40,19,9,finance,Trondheim,115,942.48
1944,20,12,5,finance,Trondheim,88,600.88
1945,55,30,12,finance,Trondheim,209,1439.48
1946,51,23,13,finance,Trondheim,191,1412.88
1947,67,29,19,finance,Trondheim,185,1722.7
1948,60,34,16,finance,Trondheim,165,1432.2
1949,74,41,15,finance,Trondheim,213,2129.4
1950,19,9,5,finance,Trondheim,46,392.7
1951,38,21,10,finance,Trondheim,141,1014.3
1952,73,34,17,finance,Trondheim,171,1440.88
1953,17,10,4,finance,Trondheim,52,412.3
1954,82,45,23,finance,Trondheim,296,2415
1955,48,20,13,finance,Trondheim,127,997.92
1956,43,24,10,finance,Trondheim,153,1261.26
1957,50,20,11,finance,Trondheim,139,1134
1958,85,34,21,finance,Trondheim,175,1724.8
1959,77,37,20,finance,Trondheim,241,1951.04
1960,46,26,10,finance,Trondheim,142,1102.08
1961,21,13,5,finance,Trondheim,58,502.32
1962,21,12,6,finance,Trondheim,78,524.16
1963,45,25,12,finance,Trondheim,174,1366.12
1964,60,32,18,finance,Trondheim,173,1401.4
1965,42,23,11,finance,Trondheim,109,946.96
1966,47,27,13,finance,Trondheim,114,1059.66
1967,24,11,7,finance,Trondheim,62,593.88
1968,74,30,20,finance,Trondheim,225,1562.4
1969,49,26,11,finance,Trondheim,122,1095.64
1970,27,14,7,finance,Trondheim,81,665.28
1971,88,43,25,finance,Trondheim,227,1856.4
1972,61,28,17,finance,Trondheim,174,1484
1973,63,28,14,finance,Trondheim,251,1675.8
1974,87,52,22,finance,Trondheim,288,2501.94
1975,16,9,4,finance,Trondheim,45,377.58
1976,55,28,15,finance,Trondheim,183,1605.24
1977,27,12,8,finance,Trondheim,95,644.84
1978,89,42,18,finance,Trondheim,253,2440.62
1979,39,16,8,finance,Trondheim,82,714.42
1980,36,22,9,finance,Trondheim,119,994.28
1981,24,11,6,finance,Trondheim,87,631.4
1982,88,48,21,finance,Trondheim,202,1758.4
1983,24,11,6,finance,Trondheim,48,464.94
1984,21,9,4,finance,Trondheim,65,471.24
1985,40,23,9,finance,Trondheim,101,866.88
1986,63,27,16,finance,Trondheim,156,1246.56
1987,40,20,11,finance,Trondheim,132,954.24
1988,24,14,6,finance,Trondheim,88,628.32
1989,51,24,15,finance,Trondheim,139,1020.6
1990,29,12,8,finance,Trondheim,95,631.12
1991,65,34,17,finance,Trondheim,215,1737.68
1992,51,22,14,finance,Trondheim,168,1157.1
1993,86,44,26,finance,Trondheim,257,1790.88
1994,17,8,4,finance,Trondheim,58,393.82
1995,68,33,14,finance,Trondheim,174,1577.8
1996,87,43,17,finance,Trondheim,282,2325.54
1997,62,32,12,finance,Trondheim,209,1454.32
1998,25,12,7,finance,Trondheim,57,560.56
1999,68,29,15,finance,Trondheim,234,1834.56
2000,49,23,11,finance,Trondheim,130,1057.42